Model,**********
1-0010,*
1-0014,*
1-0018-A,**
1-0022,***
1-0023-A,***
1-0023-B,***
1-0040,*
1-0046-A,*
1-0046-B,*
1-0050,*
1-0065-B,*
1-0074,*
1-0077-B,**
10-0985,***
10-1033,*
1-0130,**
1-0139,*
1-0146-A,**
1-0146-B,**
1-0155,**
1-0166,*
10-1839,**
1-0184,*
1-0187-A,*
1-0187-B,*
1-0187-C,*
1-0188-A,**
1-0188-B,**
1-0190-B,*
1-0194,*
10-1984,**
10-2003,***
1-0215-C,*
1-0219-B,*
1-0220,*
1-0221,*
1-0225,*
1-0227,*
1-0228,*
1-0230,**
1-0296-B,*
1-0306,***
1-0309-A,**
1-0322-A,**
1-0331,**
1-0366,***
1-0372,**
1-0381-C,**
1-0400,**
1-0411,**
1-0435,***
1-0447,**
1-0450,**
1-0454,**
1-0476,**
1-0478,***
1-0482,***
1-0489,***
1-0493,**
1-0494,**
1-0496,**
1-0498-A,**
1-0515,**
1-0548,*
1-0549,*
1-0551,*
1-0568,**
1-0590,**
1-0602-A,*
1-0602-B,*
1-0602-D,*
1-0608,**
1-0610,*
1-0611,**
1-0634-A,***
1-0634-B,***
1-0684,**
1-0688,**
1-0710-B,***
1-0714-B,*
1-0715-A,***
1-0715-B,***
1-0716-A,***
1-0716-B,***
1-0718,***
1-0728,**
1-0729,**
1-0730,**
1-0734,***
1-0737,*
1-0741,*
1-0743,*
1-0748-A,*
1-0748-B,*
1-0762-A,***
1-0762-B,***
1-0762-C,***
1-0762-D,***
1-0763-A,**
1-0763-B,**
1-0764-A,***
1-0764-B,***
1-0764-C,***
1-0766,**
1-0767-A,***
1-0767-B,***
1-0771-A,***
1-0773-A,***
1-0773-B,***
1-0773-C,***
1-0784,*
1-0787,***
1-0788-A,***
1-0799,***
1-0800,**
1-0847-A,***
1-0847-B,***
1-0847-C,***
1-0848-A,***
1-0848-B,***
1-0849,***
1-0850-B,***
1-0850-C,***
1-0858-A,***
1-0858-B,***
1-0859,*
1-0860,***
1-0865,**
1-0871,**
1-0883-B,*
1-0884,*
1-0886,**
1-0916,**
1-0921,**
1-0935-B,**
1-0944,***
1-0951,**
1-0966-A,***
1-0966-B,***
1-0966-C,***
1-0975,*
1-0989,***
1-0993,*
11-0009,*
1-1001-A,***
1-1001-B,**
1-1001-D,**
1-1001-E,**
11-0027,**
1-1004-A,*
1-1004-B,*
1-1004-C,*
1-1005,**
11-0059,**
1-1007,***
11-0145,*
1-1017,***
11-0170-A,*
1-1020,***
1-1024,***
1-1026,**
1-1035,***
1-1043,**
1-1056-A,**
1-1057,**
1-1058,**
1-1060,*
1-1066,***
1-1068,***
1-1075,***
1-1076,***
1-1079,***
1-1083,***
1-1084-B,*
1-1090,**
1-1092,***
1-1095,***
1-1098,***
1-1100,***
1-1101,***
1-1103,**
1-1105,**
1-1107,**
1-1109-A,**
1-1109-B,**
1-1116,***
1-1123,***
1-1125-A,***
1-1125-B,***
1-1125-C,***
1-1129-A,***
1-1130,***
1-1131-A,***
1-1131-B,***
1-1134-A,***
1-1134-B,***
1-1135,***
1-1153,*
1-1157,***
1-1164-A,***
1-1164-B,***
1-1167-A,***
1-1167-B,***
1-1176,***
1-1177,***
1-1178,***
1-1182,***
1-1192,*
1-1194,**
1-1196,*
1-1197,***
1-1201,***
1-1202-B,***
1-1202-C,***
1-1203,*
1-1207,*
1-1217-A,***
1-1217-B,**
1-1217-C,**
1-1220,*
1-1226,**
1-1230,**
1-1233,**
1-1234,**
1-1235,**
1-1236,**
1-1237,**
1-1240,**
1-1241,**
1-1244-B,***
1-1245-A,***
1-1245-B,***
1-1247,**
1-1249,**
1-1252,**
1-1254,**
1-1257,*
1-1258,*
1-1259,**
1-1261,*
1-1263,**
1-1264,***
1-1265,***
1-1266,**
1-1267,**
1-1268-A,***
1-1268-B,***
1-1269,**
1-1270-A,**
1-1270-B,**
1-1271-A,**
1-1271-B,**
1-1272-A,**
1-1272-B,**
1-1274,***
1-1275,**
1-1276-A,***
1-1276-B,***
1-1276-C,***
1-1277-a,***
1-1277-B,***
1-1278,**
1-1279-A,***
1-1279-B,***
1-1279-C,***
1-1279-d,***
1-1280-A,***
1-1280-B,***
1-1280-C,***
1-1280-D,***
1-1281,***
12-0055,**
12-0057,**
12-0062,*
2-0007,*
2-0032,*
2-0079,**
2-0080,**
2-0092,*
2-0095,**
2-0096,**
2-0136,**
2-0201,**
2-0278,**
2-0306,*
2-0333,***
2-0334,**
2-0335,*
2-0338,**
2-0339,***
2-0362,**
2-0367-A,**
2-0390,**
2-0410,**
2-0423,**
2-0433,**
2-0443,**
2-0444,**
2-0446,**
2-0450,**
2-0470,**
2-0473,**
2-0486,**
2-0488,*
2-0505,***
2-0506,***
2-0516,**
2-0532,*
2-0534,**
2-0536,*
2-0561,**
2-0565,*
2-0572,**
2-0588,*
2-0600,**
2-0626,**
2-0645,**
2-0646,*
2-0647,*
2-0688,*
2-0700,**
2-0760,*
2-0763,*
2-0764,**
2-0771,*
2-0775,**
2-0776,**
2-0780,**
2-0781,**
2-0782,*
2-0783,**
2-0790,**
2-0794,**
2-0795,**
2-0802,**
2-0808,**
2-0838,*
2-0851,*
2-0951,*
2-0953,**
2-0976,**
2-1002,*
2-1004,*
2-1007,**
2-1025,*
2-1028,**
2-1031,*
2-1048-A,**
2-1049-B,**
2-1071,*
2-1095,*
2-1099,*
2-1121,**
2-1122,**
2-1123,**
2-1133-A,**
2-1133-B,**
2-1134-A,*
2-1140,*
2-1162-A,***
2-1162-B,**
2-1175-A,***
2-1192,***
2-1202,**
2-1203,**
2-1204,***
2-1209,**
2-1240,*
2-1259,*
2-1270,***
2-1271,*
2-1272,**
2-1277,**
2-1278,**
2-1281,***
2-1282,***
2-1285,*
2-1286,**
2-1296,***
2-1300,**
2-1315,***
2-1316,***
2-1317,***
2-1320-A,***
2-1320-B,***
2-1321,***
2-1347,**
2-1348,*
2-1358,**
2-1364,*
2-1366-C,*
2-1370,**
2-1372,**
2-1373-A,***
2-1373-B,***
2-1373-C,***
2-1377,*
2-1378,***
2-1379,*
2-1388,*
2-1389,**
2-1390,**
2-1391-A,***
2-1392,***
2-1393,***
2-1396-A,**
2-1396-B,**
2-1398,*
2-1401,*
2-1408,***
2-1409,***
2-1411,***
2-1418,*
2-1419,21
2-1431,*
2-1432,*
2-1443,**
2-1448-A,**
2-1472,21
2-1497-A,*
2-1501,**
2-1505,***
2-1507,***
2-1509-A,***
2-1509-B,***
2-1509-C,***
2-1510,***
2-1511,***
2-1517-A,*
2-1520-A,***
2-1520-B,***
2-1522,**
2-1524,*
2-1532,**
2-1535,*
2-1536,***
2-1543,*
2-1545,***
2-1547,***
2-1548,***
2-1549,*
2-1552,***
2-1553,***
2-1554,***
2-1555,**
2-1557,***
2-1558,**
2-1559-A,***
2-1559-B,***
2-1559-C,***
2-1564,*
2-1565,***
2-1567,*
2-1568-A,**
2-1568-B,**
2-1569,**
2-1570,***
2-1571,**
2-1573,*
2-1575,***
2-1578,**
2-1579,***
2-1580,**
2-1581,**
2-1582,**
2-1584,***
2-1585-A,***
2-1586-A,***
2-1586-B,***
2-1587,***
2-1588,**
2-1589,**
2-1590-A,**
2-1590-B,**
2-1591,***
2-1592,***
2-1596,***
2-1597,***
2-1598,***
2-1599,***
2-1601,***
2-1602,**
2-1603,*
2-1604,***
2-1607-A,**
2-1607-B,**
2-1607-C,**
2-1608-A,***
2-1608-B,***
2-1614,***
2-1615,*
2-1616,*
2-1624,*
2-1625,*
2-1630,**
2-1637,***
2-1638,**
2-1639,***
2-1641,***
2-1648,***
2-1649,***
2-1650,**
2-1651,**
2-1655-A,***
2-1656,***
2-1657,**
2-1661-A,*
2-1663,**
2-1667,**
2-1673,*
2-1675,***
2-1676,***
2-1677,***
2-1678,***
2-1679,***
2-1681,**
2-1682,***
2-1688,***
2-1694-A,***
2-1694-B,***
2-1697,***
2-1700,21
2-1704,**
2-1713,**
2-1715,**
2-1722-A,**
2-1722-b,**
2-1730,**
2-1731-A,**
2-1731-B,**
2-1731-C,**
2-1731-D,**
2-1732,**
2-1733,***
2-1734,***
2-1737-A,***
2-1737-B,***
2-1744-A,***
2-1744-B,***
2-1745,*
2-1748,***
2-1749,***
2-1751,***
2-1752-A,***
2-1752-B,**
2-1753,*
2-1755,*
2-1757,***
2-1758,***
2-1759,*
2-1762,***
2-1765,**
2-1766,***
2-1768,***
2-1776-A,***
2-1776-B,***
2-1777,*
2-1778,*
2-1779,**
2-1785,***
2-1786,**
2-1788,**
2-1789,**
2-1790,***
2-1791-A,***
2-1791-B,***
2-1800,*
2-1802,*
2-1809,*
2-1811,*
2-1812,**
2-1813,***
2-1814,***
2-1815,***
2-1823-B,**
2-1829,**
2-1831,**
2-1832-A,**
2-1832-b,**
2-1833,**
2-1834,**
2-1836,**
2-1838,**
2-1840,**
2-1842,**
2-1844,**
2-1846-A,**
2-1847,**
2-1848,**
2-1849,**
2-1850,**
2-1852,**
2-1855,**
2-1857,**
2-1861,**
2-1862,**
2-1863,**
2-1865,**
2-1866,**
2-1867,**
2-1871,**
2-1872-A,**
2-1872-B,**
2-1873-A,**
2-1873-B,**
2-1873-C,**
2-1876,*
2-1880-A,**
2-1881,**
2-1883,**
2-1884,**
2-1887,**
2-1888,**
2-1889,**
2-1890,**
2-1892-A,**
2-1892-B,**
2-1894,**
2-1895,**
2-1896,*
2-1897,**
2-1900,***
2-1904,*
2-1907,21
2-1908,*
2-1909,**
2-1911,**
2-1912-A,***
2-1912-B,***
2-1912-C,***
2-1915,*
2-1918,*
2-1919,**
2-1920,*
2-1921,*
2-1925,**
2-1928,*
2-1931,**
2-1932,*
2-1933,**
2-1935,*
2-1940,*
2-1941,*
2-1943,**
2-1945,**
2-1946,**
2-1948,**
2-1949,**
2-1950,**
2-1952,***
2-1953,***
2-1954,***
2-1955,**
2-1956,21
2-1958,***
2-1960,**
2-1961,***
2-1962-A,**
2-1962-C,**
2-1963-A,**
2-1963-B,**
2-1964,**
2-1965,**
2-1967-B,*
2-1968-A,**
2-1968-B,**
2-1969,**
2-1970,**
2-1971,**
2-1972,*
2-1973,*
2-1974,***
2-1975,*
2-1977,***
2-1979,*
2-1980,***
2-1981,**
2-1982-A,***
2-1982-B,***
2-1982-C,***
2-1982-D,***
2-1982-E,***
2-1983,***
2-1985,***
2-1986,***
2-1987,*
2-1988,*
2-1989,*
2-1990,*
2-1991,*
2-1992,*
2-1996,**
2-1997,22
2-1998,*
2-1999,*
2-2000,***
2-2001,**
2-2002,**
2-2005,**
2-2006,**
2-2007,**
2-2008,**
2-2009,***
2-2010,***
2-2011,***
2-2012,*
2-2013,**
2-2014,**
2-2015,**
2-2016,*
2-2017,**
4-0002,*
4-0003,***
4-0006,*
4-0007,***
4-0019-a,*
4-0019-B,*
4-0019-C,*
4-0019-D,*
4-0019-E,*
4-0021,**
4-0024,*
4-0028,*
4-0097,*
4-0103,***
4-0107,*
4-0114-A,***
4-0114-B,***
4-0124,*
4-0125,*
4-0129-C,*
4-0133,*
4-0143,*
4-0144,**
4-0149,*
4-0159,*
4-0163,*
4-0172,*
4-0174,*
4-0175,*
4-0177,*
4-0185,*
4-0202,*
4-0203-A,*
4-0203-B,*
4-0214,*
4-0215,**
4-0218,*
4-0222,*
4-0223,*
4-0238,*
4-0248,*
4-0255,*
4-0266,*
4-0270,*
4-0271,*
4-0273,*
4-0290,*
4-0291-A,***
4-0291-B,***
4-0294,*
4-0312,*
4-0330,*
4-0332,*
4-0337,*
4-0340,*
4-0386,***
4-0401,*
4-0425,*
4-0435,***
4-0439,*
4-0441,*
4-0444,**
4-0446,*
4-0447,*
4-0464,*
4-0471,*
4-0477-B,*
4-0482,**
4-0483,*
4-0500,*
4-0503,*
4-0504,*
4-0507,***
4-0508,**
4-0510,**
4-0516-B,*
4-0523,*
4-0524,*
4-0525,***
4-0529,***
4-0537,**
4-0539,*
4-0544-B,*
4-0546,**
4-0558,*
4-0560,*
4-0562,*
4-0563,*
4-0564,*
4-0565,*
4-0567,*
4-0568,***
4-0636,**
4-0642,*
4-0643,**
4-0644,*
4-0649-A,**
4-0649-B,**
4-0652,**
4-0656,*
4-0672,**
4-0674,**
4-0676,*
4-0677,*
4-0679,**
4-0681,*
4-0682,**
4-0687,**
4-0712,*
4-0720,*
4-0721,***
4-0730,*
4-0731-A,**
4-0731-B,**
4-0749,**
4-0750,*
4-0770,***
4-0771,***
4-0781,**
4-0787,**
4-0788,***
4-0791,***
4-0792,**
4-0795,**
4-0796,**
4-0835,*
4-0840,**
4-0843,***
4-0844,**
4-0845,**
4-0846,***
4-0854,**
4-0857,***
4-0858,***
4-0859,*
4-0860,***
4-0868,*
4-0869-A,***
4-0869-B,***
4-0869-C,***
4-0869-D,***
4-0869-E,**
4-0875,**
4-0877,***
4-0878,*
4-0891,**
4-0903,*
4-0904,***
4-0905,***
4-0913,*
4-0915,**
4-0919,***
4-0921,***
4-0922,***
4-0924,***
4-0930,*
4-0931-A,***
4-0933,*
4-0934-C,*
4-0938-B,*
4-0939,***
4-0941,***
4-0942,***
4-0944,***
4-0947-A,*
4-0947-B,*
4-0948,***
4-0953,**
4-0954,***
4-0955,**
4-0969,***
4-0978-B,**
4-0987,***
4-0988,***
4-0989-A,***
4-0989-B,***
4-0989-C,***
4-0991,***
4-0993-A,***
4-0993-B,***
4-0993-C,***
4-0993-D,***
4-0995,***
4-0998,***
4-0999,***
4-1000-A,***
4-1000-B,***
4-1004,*
4-1005,*
4-1010,*
4-1011,*
4-1012,***
4-1014,**
4-1017,***
4-1021,*
4-1022,**
4-1023,**
4-1024,***
4-1026-A,***
4-1026-C,***
4-1029-A,***
4-1029-B,***
4-1030-A,***
4-1030-B,***
4-1031-A,***
4-1031-B,***
4-1036,**
4-1037-B,***
4-1038-A,***
4-1038-B,***
4-1044,***
4-1045-A,***
4-1045-B,***
4-1048,*
4-1055-A,***
4-1055-B,***
4-1055-C,***
4-1056,**
4-1057-C,**
4-1057-D,**
4-1058-A,***
4-1058-B,**
4-1058-C,***
4-1059-A,***
4-1059-B,***
4-1059-C,***
4-1059-D,***
4-1061-A,***
4-1061-B,***
4-1061-C,***
4-1062,***
4-1063-A,***
4-1063-B,***
4-1073,***
4-1074,***
4-1075,***
4-1076,***
4-1077,***
4-1079,***
4-1080,***
4-1081,***
4-1084,***
4-1090-A,***
4-1090-B,***
4-1091-B,***
4-1092,**
4-1093,**
4-1095-A,***
4-1095-B,***
4-1098-A,***
4-1098-B,***
4-1099,***
4-1100-A,***
4-1100-B,***
4-1102-A,***
4-1102-B,***
4-1104-A,***
4-1104-B,***
4-1104-C,***
4-1105-A,***
4-1105-B,***
4-1106-A,***
4-1106-B,***
4-1106-C,***
4-1107,***
4-1108,***
4-1109-A,***
4-1109-B,***
4-1110-B,**
4-1110-C,**
4-1111,***
4-1112,***
4-1113,***
4-1114,***
4-1115-A,***
4-1115-B,***
4-1115-C,**
4-1116-A,**
4-1116-B,**
4-1117,***
4-1118,***
4-1119,***
4-1120,***
4-1121,***
4-1122,***
4-1123,***
4-1124,***
4-1125,***
4-1126,***
4-1127,***
4-1129,***
4-1130,***
4-1131,*
4-1136-A,**
4-1136-B,**
4-1136-C,**
4-1146-a,**
4-1146-b,**
4-1146-c,**
4-1147-B,**
4-1151,**
4-1158,*
4-1162,**
4-1163-A,**
4-1163-B,**
4-1164,**
4-1165,***
4-1172,***
4-1173,***
4-1174,*
4-1181,***
4-1182,*
4-1183,***
4-1184-B,**
4-1185-A,***
4-1185-C,***
4-1190,***
4-1191,*
4-1196,**
4-1197,**
4-1198,**
4-1200,**
4-1201,**
4-1207,**
4-1208,**
4-1210,**
4-1211,**
4-1216,**
4-1219,**
4-1222-A,***
4-1222-B,***
4-1222-C,***
4-1222-D,***
4-1226,**
4-1227,***
4-1229,***
4-1231,*
4-1233,**
4-1235-A,***
4-1235-B,***
4-1238,***
4-1239,**
4-1240,***
4-1242,**
4-1244,**
4-1245,*
4-1248,***
4-1249,***
4-1250,***
4-1251,***
4-1252-A,***
4-1252-B,***
4-1253,***
4-1254,*
4-1255,*
4-1257,***
4-1258-A,***
4-1258-B,***
4-1259,**
4-1260,***
4-1262,***
4-1263,**
4-1264,**
4-1265,**
4-1266,**
4-1267,**
4-1268,**
4-1269,**
4-1270,**
4-1271,**
4-1272,***
4-1273,***
4-1274,*
4-1276,***
4-1277,***
4-1278,*
4-1279,**
4-1281,**
4-1282,**
4-1283,***
4-1284,***
4-1285,***
4-1286-A,***
4-1286-B,***
4-1287-A,***
4-1287-B,***
4-1288-A,***
4-1288-B,***
4-1289,***
4-1290,***
4-1292-A,**
4-1292-B,**
5-0014-A,***
5-0014-B,***
5-0019,***
5-0037,*
5-0040,*
5-0047,*
5-0115,*
5-0246,***
5-0247,***
5-0547,*
5-0560,*
5-0622,**
5-0651,***
5-0654,***
5-0781,***
5-0840,***
5-0871,**
5-0874,*
5-0877,***
5-0880,*
5-0881,*
5-0883,*
5-0891,***
5-0893,*
5-0900,*
5-0994,**
5-0996,**
5-1005,**
5-1008,***
5-1014,*
5-1037,*
5-1048,*
5-1051,**
5-1059,*
5-1061,*
5-1065,***
5-1080,***
5-1082,***
5-1092,**
5-1104,***
5-1108,*
5-1137-A,***
5-1137-B,***
5-1138,*
5-1154,***
5-1158,**
5-1159,***
5-1160,**
5-1173,*
5-1191,**
5-1195,**
5-1203,**
5-1204,*
5-1205,***
5-1206,***
5-1207,**
5-1210,***
5-1211,***
5-1213,*
5-1214,*
5-1215-B,*
5-1223,**
5-1228,***
5-1231,***
5-1239,***
5-1244,***
5-1245,*
5-1247,*
5-1248,*
5-1250,*
5-1252,***
5-1254-B,***
5-1255,*
5-1258,**
5-1261,**
5-1263,**
5-1265,**
5-1272-A,*
5-1272-B,*
5-1276,**
5-1280,*
5-1282,***
5-1283-A,***
5-1285,*
5-1290,**
5-1291,**
5-1298,**
5-1305,***
5-1306,*
5-1331-A,***
5-1331-B,***
5-1332,***
5-1333,**
5-1337,***
5-1338-B,**
5-1338-C,**
5-1340,**
5-1342,**
5-1345,**
5-1348,**
5-1359,*
5-1369,**
5-1370,**
5-1377,**
5-1380,**
5-1383,*
5-1388,*
5-1397-B,**
5-1401,**
5-1408,*
5-1415,*
5-1416,**
5-1418,***
5-1419,***
5-1421,***
5-1423-C,*
5-1424,***
5-1426,*
5-1429-A,***
5-1429-C,***
5-1431,**
5-1433-A,***
5-1433-B,***
5-1435,**
5-1436,*
5-1439,***
5-1441,***
5-1442,**
5-1444,**
5-1448-A,*
5-1448-b,*
5-1449-A,*
5-1449-B,*
5-1450-A,*
5-1450-B,*
5-1453,***
5-1456,***
5-1461-A,***
5-1461-B,***
5-1463,*
5-1464,*
5-1465,*
5-1468,**
5-1471,*
5-1472,***
5-1473-A,***
5-1473-B,***
5-1473-C,***
5-1474,**
5-1478-A,*
5-1482-A,***
5-1482-B,***
5-1486,***
5-1488,***
5-1489-A,***
5-1489-b,***
5-1490,**
5-1491,*
5-1493,*
5-1494,**
5-1495-A,*
5-1495-B,*
5-1498,*
5-1500-A,**
5-1500-B,**
5-1506-B,*
5-1508,*
5-1509,*
5-1511,***
5-1514,***
5-1517,*
5-1536,*
5-1545-B,***
5-1547,*
5-1549,***
5-1554,**
5-1555,***
5-1556,**
5-1561-A,***
5-1561-B,***
5-1564,***
5-1565,***
5-1566,***
5-1567,***
5-1568,***
5-1569,***
5-1570,***
5-1571,***
5-1573,***
5-1576,***
5-1578,***
5-1584,***
5-1585,**
5-1587,**
5-1588,22
5-1590,*
5-1591,***
5-1592,***
5-1593,**
5-1598,*
5-1599,***
5-1600-B,***
5-1603,**
5-1605,***
5-1606,***
5-1607,**
5-1608,***
5-1610,***
5-1612,*
5-1613,***
5-1621-A,*
5-1621-B,*
5-1623,***
5-1624,**
5-1629,***
5-1630,***
5-1631,***
5-1633-A,***
5-1634,***
5-1635,**
5-1636,***
5-1637,***
5-1643,***
5-1644,***
5-1646,**
5-1651-A,***
5-1651-B,***
5-1651-C,**
5-1652,***
5-1653,***
5-1654-A,***
5-1654-B,***
5-1669,**
5-1670,*
5-1675,***
5-1679,***
5-1684,***
5-1685-A,***
5-1685-B,***
5-1685-C,***
5-1686,***
5-1687,***
5-1688,*
5-1700-A,***
5-1700-B,***
5-1701,***
5-1702,**
5-1706-A,***
5-1707,***
5-1713-A,***
5-1713-b,***
5-1713-C,***
5-1713-D,***
5-1718,***
5-1719,***
5-1720,***
5-1721,***
5-1722,***
5-1724,***
5-1725,***
5-1726,***
5-1727,***
5-1728,***
5-1733-A,***
5-1733-B,***
5-1736,***
5-1737,***
5-1739,***
5-1740,**
5-1741,***
5-1743,***
5-1744,***
5-1746,***
5-1747,**
5-1748,***
5-1749,***
5-1753,*
5-1758,***
5-1759,**
5-1760-A,***
5-1760-B,***
5-1761,***
5-1762,***
5-1764,***
5-1767,***
5-1769,*
5-1770-A,***
5-1770-B,***
5-1771-A,***
5-1771-B,***
5-1772,***
5-1773,***
5-1774,***
5-1778,***
5-1779-A,*
5-1779-B,*
5-1780,***
5-1782,***
5-1783,***
5-1784,**
5-1786,**
5-1787-A,**
5-1787-B,**
5-1787-C,**
5-1787-D,**
5-1789,**
5-1792,**
5-1793,**
5-1797,**
5-1798,**
5-1801,***
5-1810,***
5-1813,***
5-1816,***
5-1817,**
5-1820,***
5-1821,***
5-1824,**
5-1827,**
5-1828,**
5-1829,***
5-1830,***
5-1831,***
5-1832,***
5-1833,***
5-1834,***
5-1837,**
5-1841-A,***
5-1845,**
5-1848,*
5-1850,*
5-1852,***
5-1854,***
5-1855,***
5-1856,***
5-1857,***
5-1859,*
5-1861,*
5-1862,*
5-1863,***
5-1864,***
5-1865,***
5-1866,***
5-1871,***
5-1872,**
5-1874-B,***
5-1876,***
5-1877,*
5-1878,*
5-1880,*
5-1881,**
5-1883,**
5-1884,**
5-1885,***
5-1891,*
5-1896-B,**
5-1897,*
5-1898-A,*
5-1898-B,*
5-1902,**
5-1903,**
5-1906-A,**
5-1906-B,**
5-1907,**
5-1909-A,**
5-1909-B,**
5-1909-C,**
5-1914,**
5-1916,**
5-1917,**
5-1918,**
5-1919,**
5-1921,**
5-1922,**
5-1923,***
5-1925,**
5-1926,**
5-1928,**
5-1929,**
5-1931,**
5-1933,**
5-1936,***
5-1939,**
5-1940,**
5-1942,**
5-1947,**
5-1949,**
5-1950,**
5-1951,**
5-1952-A,*
5-1952-B,*
5-1953-A,***
5-1954,**
5-1955,**
5-1956,**
5-1957,***
5-1958,***
5-1960,***
5-1961,***
5-1962,***
5-1963,**
5-1964,**
5-1965,**
5-1966,**
5-1967,**
5-1968,**
5-1969,**
5-1970,**
5-1971,**
5-1972,**
5-1974,**
5-1975,***
5-1976,*
5-1978,**
5-1981,**
5-1983,***
5-1984,***
5-1986,**
5-1991,**
5-1992,**
5-1996,*
5-1997,**
5-1998,***
5-1999,***
5-2000,*
5-2001,***
5-2002,***
5-2003,***
5-2004-A,**
5-2004-B,**
5-2004-C,**
5-2005-A,**
5-2005-B,**
5-2005-C,**
5-2006-A,***
5-2006-B,***
5-2007,*
5-2010,*
5-2011-A,***
5-2011-B,***
5-2012,***
5-2013,*
5-2014,***
5-2015,***
5-2016,***
5-2017,***
5-2018,**
5-2019-A,**
5-2019-B,***
5-2020-B,***
5-2023-A,**
5-2023-B,***
5-2024-B,***
5-2025,*
5-2026,*
5-2027,***
5-2028,***
5-2029,**
5-2030,*
5-2031,*
5-2032,*
5-2033,***
5-2034,***
5-2035,***
5-2036,***
5-2037,*
5-2038,*
5-2039,**
5-2040,**
5-2041,**
5-2042,21
5-2043,*
5-2045,*
5-2046,*
5-2048,*
5-2049,*
5-2050,*
5-2051,***
5-2052,***
5-2053,**
7-0001,**
7-0002,**
7-0010,**
7-0011,*
7-0015,**
7-0016-A,**
7-0016-B,**
7-0016-C,**
7-0016-D,**
7-0017,**
7-0018,**
7-0019,**
7-0022,**
7-0025,**
7-0124,**
7-0131,**
7-0138,**
7-0139,**
7-0150,**
7-0194,**
7-0209,**
7-0218,*
7-0234,*
7-0239,***
7-0253,**
7-0300,**
7-0315,*
7-0331,*
7-0341,**
7-0348,**
7-0349,**
7-0355,**
7-0362,**
7-0363,**
7-0364,**
7-0365,**
7-0367,**
7-0369,**
7-0371,**
7-0388,**
7-0407,*
7-0413,*
7-0416,*
7-0418,*
7-0419,*
7-0427,*
7-0429,*
7-0430,*
7-0439,*
7-0441,*
7-0486,**
7-0491,***
7-0496-A,**
7-0496-B,**
7-0499,*
7-0503,*
7-0505,*
7-0515,**
7-0554,**
7-0556,*
7-0567,**
7-0586,**
7-0632,*
7-0652,***
7-0653,*
7-0661,*
7-0692,*
7-0696,*
7-0707,*
7-0710,*
7-0715,***
7-0718,***
7-0745,*
7-0767,**
7-0800,**
7-0814,*
7-0825,*
7-0827,*
7-0839,**
7-0841,**
7-0843,*
7-0848,*
7-0860,*
7-0869-A,***
7-0869-B,***
7-0869-C,***
7-0871-A,*
7-0872,***
7-0875-C,**
7-0878,**
7-0892,***
7-0893,***
7-0895-A,*
7-0896,**
7-0897,*
7-0898,**
7-0903-A,*
7-0903-B,***
7-0908,*
7-0911,*
7-0914-A,*
7-0919,**
7-0921,**
7-0922,*
7-0925,*
7-0926,*
7-0933-B,*
7-0934-A,*
7-0934-B,*
7-0935,**
7-0938,**
7-0943,**
7-0950,**
7-0951,**
7-0952,**
7-0953,***
7-0954,***
7-0956,**
7-0957,**
7-0958-A,**
7-0958-B,**
7-0958-C,**
7-0967-A,**
7-0967-C,*
7-0968,***
7-0971,***
7-0973-A,***
7-0973-B,***
7-0945,*
7-0988,*
7-0989,*
7-0991,*
7-0995,*
7-0997,*
7-1008,***
7-1009,***
7-1012,*
7-1013-A,**
7-1013-B,**
7-1015,***
7-1016,**
7-1018,***
7-1019,**
7-1020,**
7-1023,***
7-1027,***
7-1028,***
7-1029,**
7-1030,**
7-1031,**
7-1034,**
7-1038,**
7-1039,**
7-1042,***
7-1044,***
7-1045,***
7-1046,***
7-1047,***
7-1050,*
7-1056,**
7-1058,***
7-1059,***
7-1064,***
7-1069,***
7-1070,***
7-1072,***
7-1073-A,***
7-1073-B,***
7-1074,***
7-1075-A,***
7-1075-B,***
7-1075-D,***
7-1076,***
7-1077,***
7-1078,**
7-1079,***
7-1080,***
7-1082,***
7-1083,***
7-1084,*
7-1089,***
7-1090,***
7-1091,***
7-1093-A,***
7-1093-B,***
7-1096,***
7-1097,***
7-1099,***
7-1100,***
7-1102,***
7-1107,***
7-1115,*
7-1116,***
7-1125-A,*
7-1125-B,*
7-1126-B,**
7-1127-A,**
7-1127-B,**
7-1129,***
7-1130,***
7-1132-A,***
7-1132-B,***
7-1133-A,***
7-1134,*
7-1136,***
7-1138-A,***
7-1138-B,***
7-1138-C,***
7-1144,**
7-1153,*
7-1164-A,*
7-1168,***
7-1173-A,***
7-1173-B,***
7-1175,***
7-1176,***
7-1177,***
7-1180-B,***
7-1182-A,***
7-1182-B,***
7-1182-C,***
7-1183,***
7-1184,***
7-1185-B,***
7-1187-a,***
7-1187-b,***
7-1190-A,***
7-1191,***
7-1195-B,*
7-1195-D,*
7-1199-A,**
7-1199-B,**
7-1202,**
7-1203,**
7-1204,***
7-1205,***
7-1207,***
7-1209,**
7-1211,***
7-1212,*
7-1213,*
7-1214-A,***
7-1214-B,***
7-1217,***
7-1219,***
7-1224-A,***
7-1224-B,***
7-1228,***
7-1232,***
7-1233,***
7-1234,***
7-1235,***
7-1236,***
7-1237,**
7-1238,***
7-1239,**
7-1240,***
7-1241,*
7-1242,**
7-1243,***
7-1244,***
7-1245,***
7-1246,***
7-1247-A,***
7-1247-B,***
7-1247-C,***
7-1249-C,***
7-1250-A,***
7-1250-B,***
7-1250-C,***
7-1251-A,***
7-1251-B,***
7-1252,**
7-1253-A,***
7-1253-B,***
7-1255-A,***
7-1255-B,***
7-1255-C,***
7-1256-A,***
7-1256-B,***
7-1257-A,***
7-1257-B,***
7-1257-C,***
7-1257-D,***
7-1257-F,***
7-1259,***
7-1260,***
7-1261,***
7-1262,***
7-1265,***
7-1266-A,***
7-1266-B,***
7-1266-C,***
7-1267-A,***
7-1267-B,***
7-1267-C,***
7-1270-A,***
7-1270-B,***
7-1271,***
7-1274,***
7-1275,***
7-1276,**
7-1277,**
7-1278,**
7-1279,**
7-1280,**
7-1281,**
7-1282,**
7-1283,***
7-1285,**
7-1286,***
7-1287,***
7-1288,*
7-1289-B,***
7-1295,**
7-1297,**
7-1298,***
7-1300,**
7-1301,**
7-1302,***
7-1303,**
7-1306,***
7-1308-A,***
7-1308-B,***
7-1311,***
7-1312-A,***
7-1312-B,***
7-1313,***
7-1314,**
7-1316,***
7-1317,***
7-1318,***
7-1319,***
7-1321,***
7-1322,***
7-1323,***
7-1324,***
7-1325,***
7-1326,**
7-1331,***
7-1334-A,***
7-1334-B,***
7-1335,*
7-1337-A,***
7-1337-B,***
7-1338,**
7-1339,*
7-1340,*
7-1342,**
7-1344,**
7-1345,***
7-1346,**
7-1347,*
7-1349,***
7-1352,*
7-1354,***
7-1355,***
7-1356,***
7-1357,***
7-1358,***
7-1359,***
7-1360,***
7-1361,***
7-1362,***
7-1363,***
7-1364,***
7-1365,***
7-1366,***
7-1367,**
7-1368,**
7-1369,**
7-1371,***
7-1372,***
7-1373,***
7-1374,*
7-1375,***
7-1376-B,***
7-1377,***
7-1378,***
7-1379,***
7-1380,***
7-1381,***
7-1382,***
7-1383,***
7-1384-A,***
7-1384-B,***
7-1385,***
7-1387,*
7-1388-B,***
7-1388-C,***
7-1393,21
7-1394,*
7-1395,*
7-1396,21
7-1397-A,***
7-1397-B,***
7-1398-A,***
7-1398-B,***
7-1399-A,***
7-1399-B,***
7-1400,*
7-1401,**
7-1402,*
7-1403,*
7-1404,*
8-0036,*
8-0068,*
8-0127,*
8-0143,*
8-0146,*
8-0158,*
8-0166,*
8-0167,*
8-0171,*
8-0187,**
8-0189,**
8-0192,*
8-0193,*
8-0197,***
8-0198-A,***
8-0198-B,***
8-0199-A,***
8-0199-B,***
8-0200-A,***
8-0200-B,***
8-0201-A,***
8-0201-B,***
8-0202-A,***
8-0202-B,***
8-0204,***
9-0033,*
9-0035,*
9-0040,*
9-0041,*
9-0045,*
9-0049,*
9-0051,*
9-0053,*
9-0086,*
9-0103,**
9-0104,*
9-0119,*
9-0149,*
9-0161,*
9-0169,**
9-0175,**
9-0176,**
9-0177,**
9-0178,**
9-0179,**
9-0180,**
9-0182,*
9-0183,**
9-0184,*
9-0194,**
9-0195,***
9-0205,**
5-2055,**
5-2056,***
5-2057,***
5-2058,***
5-2059,***
5-2060,**
5-2061-a,**
5-2061-b,**
5-2062,**
5-2063,**
5-2064,**
5-2065,**
5-2066,**
5-2067,**
5-2068,**
5-2069,**
5-2070,***
5-2071,*
5-2072,***
5-2073,**
5-2074,**
5-2075,**
5-2076,**
5-2077,***
5-2078,***
5-2079,***
5-2080,***
5-2081,***
5-2082,***
5-2083,***
2-2018,**
2-2019,**
2-2020,**
2-2021,**
2-2022,**
2-2023,**
2-2024,**
2-2025,**
2-2026,**
2-2027,**
2-2028,**
2-2029,**
2-2030,***
2-2031,***
2-2032,***
2-2033,***
2-2034,***
2-2035,***
2-2036,***
2-2037,***
2-2038,***
2-2039,***
2-2040,**
2-2041,***
2-2042,***
2-2043,***
2-2044,**
2-2045,***
2-2046,***
2-2047,**
2-2048,**
2-2049,**
2-2050,**
2-2051,**
2-2052,**
2-2053,**
2-2054,***
2-2055,***
2-2056,***
2-2057,***
2-2058,**
2-2059,**
2-2060,**
2-2061,**
2-2062-a,**
2-2062-b,**
2-2063-a,***
2-2063-b,***
2-2064-a,***
2-2064-b,***
2-2064-c,***
2-2065-a,**
2-2065-b,**
2-2066-a,**
2-2066-b,**
2-2067-a,**
2-2067-b,**
2-2068-a,**
2-2068-b,**
2-2069-a,**
2-2069-b,**
2-2070-a,**
2-2070-b,**
2-2071-a,**
2-2071-b,**
2-2072,**
2-2073,**
2-2074,**
2-2075,**
2-2076,**
2-2077,***
2-2078,**
2-2079,**
2-2080,**
2-2081,**
2-2082,**
2-2083,**
2-2084,**
2-2085,**
2-2086,**
2-2087,***
2-2088,***
2-2089,***
2-2090,**
2-2091,***
2-2092,***
2-2093,***
2-2094,***
2-2095,***
2-2096,***
2-2097,***
2-2098-a,***
2-2098-b,***
2-2099,**
2-2100,**
2-2101,***
2-2102,***
2-2103,**
2-2104,**
2-2105,**
2-2106,**
2-2107,**
2-2108,**
2-2109,**
2-2110,**
2-2111,**
4-1293,***
4-1294,**
4-1295-a,**
4-1295-b,**
4-1295-c,**
4-1296-a,**
4-1296-b,**
4-1296-c,**
4-1297-a,**
4-1297-b,**
4-1298,***
4-1299,**
4-1300,**
4-1301,***
4-1302,**
4-1303,**
4-1304,**
4-1305,***
4-1306-a,**
4-1306-b,**
4-1307,**
4-1308,**
4-1309,**
4-1310,**
4-1311,**
4-1312,**
4-1313,**
4-1314,**
4-1315,**
4-1316-a,**
4-1316-b,**
4-1317,**
4-1318-a,**
4-1318-b,**
4-1319-a,**
4-1319-b,**
4-1319-c,**
4-1320-a,**
4-1320-b,**
4-1320-c,**
4-1320-d,**
4-1320-e,**
4-1321,**
4-1322,**
7-1405,**
7-1406,**
7-1407,**
7-1408,**
7-1409,**
7-1410-a,**
7-1410-b,**
7-1411,**
7-1412,**
7-1413,***
1-0229,**
1-1282,*
2-1459-A,**
2-1562,**
2-1652,***
7-1414,***
5-1320,**
5-2084,**
2-2112,**
2-2113,*
2-2114,*
7-1415,**
5-2085,*
5-2086,*
4-1206-a,***
4-1206-b,***
5-2054,**
5-1896-A,**
4-1323,**
5-1633-B,***
2-1466,***
5-1790,**
5-1633-B,***
5-1846,**
2-2118,**
2-2115,**
2-2116,**
4-1324,**
2-2117,**
7-1416,***
5-2087,***
4-1326,**
1-1283,*
4-1325,***
2-2120,*
2-2119,**
7-1417,***
4-1291,**
1-1284,*
7-1418,**
4-1327,*
4-1328,*
4-0689,**
5-2088,*
2-2121,**
7-1419,**
2-1655-B,***
5-1466,**
5-1462,*
4-1329,**
2-2122-A,***
2-2122-B,***
7-0496,**
7-1420,*
7-1421,*
7-1422,***
7-1423,***
2-2123,**
5-2089,*
9-0206,***
7-1424,**
7-0178-T,***
5-1757,**
5-1077-T,***
7-1289-A,***
4-0656-B,*
2-2124,**
1-1285,**
4-0995-A,***
1-0073,**
2-2125,**
