Model,First date
1-0000,05/09/2020
1-0000-T,OLD
1-0002,OLD
1-0003-A,OLD
1-0003-B,OLD
1-0006,OLD
10-0079,OLD
10-0082,OLD
10-0096,OLD
1-0009-A,OLD
1-0009-B,OLD
1-0010,OLD
10-0103-T,OLD
1-0012,OLD
1-0013,OLD
1-0014,OLD
1-0017,OLD
1-0018-A,OLD
1-0018-B,OLD
1-0020,OLD
1-0021-A,OLD
1-0022,OLD
1-0023-A,OLD
1-0023-B,OLD
1-0024,OLD
1-0024-T,05/10/2021
1-0025,OLD
1-0026,OLD
1-0027,OLD
1-0028,OLD
1-0032,OLD
1-0038,OLD
1-0039,OLD
1-0040,OLD
1-0041,OLD
1-0042,OLD
1-0042-T,03/11/2021
1-0044,OLD
1-0045,OLD
1-0046-A,OLD
1-0046-B,OLD
1-0047,OLD
1-0050,OLD
1-0055,OLD
1-0056,OLD
1-0057,OLD
1-0060,OLD
1-0061,OLD
1-0062,OLD
1-0065-A,OLD
1-0065-B,OLD
1-0066-A,OLD
1-0066-B,OLD
1-0066-C,OLD
1-0067,OLD
1-0071,16/03/2021
1-0071-T,01/02/2022
1-0073,OLD
1-0074,OLD
1-0075,OLD
1-0077-A,OLD
1-0077-B,OLD
1-0078-A,15/10/2020
1-0078-B,OLD
1-0079-A,OLD
1-0079-B,OLD
1-0086,OLD
1-0088,OLD
1-0089,OLD
1-0091,OLD
1-0092,OLD
1-0093,11/07/2020
10-0964,OLD
10-0973,OLD
10-0975,OLD
10-0976,OLD
10-0977,29/07/2020
10-0981,OLD
10-0983,OLD
10-0985,OLD
10-0986,OLD
1-0098-T,28/07/2020
10-0990,OLD
10-0991,OLD
10-0993,OLD
10-0994,OLD
10-0995,OLD
10-0996,OLD
1-0100,OLD
10-1007,OLD
10-1017,OLD
10-1020,OLD
10-1028,OLD
10-1033,OLD
1-0103-T,OLD
1-0106-T,OLD
1-0114-T,OLD
1-0115-T,OLD
1-0116,OLD
1-0116-T,OLD
1-0118-t,OLD
1-0119-t,OLD
10-1204,OLD
1-0120-T,OLD
1-0121-T,OLD
1-0122-T,OLD
1-0123,OLD
1-0124-T,OLD
1-0125-T,OLD
1-0126-T,OLD
1-0127,OLD
1-0128-T,OLD
1-0129-T,OLD
1-0130,OLD
1-0130-T,OLD
1-0131-T,21/07/2020
10-1325,OLD
1-0132-T,21/07/2020
1-0133,OLD
1-0133-T,OLD
1-0134-T,18/07/2020
1-0135-T,OLD
1-0136,OLD
1-0136-T,OLD
10-1388,OLD
1-0138-T,OLD
1-0139,OLD
1-0139-T,20/08/2020
1-0140-T,20/08/2020
1-0141-T,24/08/2020
10-1425,OLD
1-0142-T,25/08/2020
1-0143,OLD
10-1438,OLD
1-0143-T,07/09/2020
1-0144,OLD
1-0144-T,08/09/2020
1-0145,OLD
1-0146-A,OLD
1-0146-B,OLD
1-0146-C,OLD
1-0146-T,19/09/2020
1-0147-T,22/09/2020
1-0148-T,28/09/2020
10-1501,OLD
1-0150-T,05/10/2020
1-0151,OLD
1-0151-T,09/10/2020
1-0152-T,09/10/2020
1-0153-T,14/10/2020
1-0154-T,12/10/2020
1-0155,OLD
1-0155-T,27/10/2020
1-0156-T,27/10/2020
1-0157-T,29/10/2020
1-0158-A,OLD
1-0158-B,15/07/2020
1-0159,OLD
1-0159-T,03/11/2020
1-0160-T,03/11/2020
1-0161-T,03/11/2020
1-0162-T,03/11/2020
1-0163-T,05/11/2020
1-0165-T,09/11/2020
1-0166,OLD
1-0166-T,13/11/2020
1-0167-T,22/11/2020
1-0168-T,22/11/2020
1-0169-T,25/11/2020
1-0170,OLD
1-0170-T,28/11/2020
1-0171-T,02/12/2020
1-0172-T,15/12/2020
1-0173-T,22/12/2020
1-0174-T,25/12/2020
1-0176-T,05/01/2021
1-0177-T,05/01/2021
1-0178-T,09/01/2021
10-1793,Market
1-0179-T,09/01/2021
1-0180-T,16/01/2021
1-0181-T,02/02/2021
1-0182-T,05/02/2021
1-0183,OLD
10-1839,Turkish Imseeh
1-0183-T,17/02/2021
1-0184,OLD
1-0184-T,18/02/2021
1-0185-T,19/02/2021
1-0186-B,OLD
1-0186-T,23/02/2021
1-0187-A,OLD
1-0187-B,OLD
1-0187-C,OLD
1-0187-T,26/02/2021
1-0188-A,OLD
1-0188-B,OLD
1-0188-T,05/03/2021
1-0189-B,25/05/2021
1-0189-T,15/03/2021
1-0190-A,OLD
1-0190-B,25/05/2021
1-0190-T,11/03/2021
1-0191-T,16/03/2021
1-0192-T,24/03/2021
1-0193-T,25/03/2021
1-0194,OLD
1-0194-T,30/03/2021
1-0195,OLD
1-0195-T,30/03/2021
1-0196,OLD
1-0196-T,31/03/2021
1-0197-T,08/04/2021
1-0198,OLD
1-0198-T,23/04/2021
1-0199-T,24/04/2021
1-0200-T,05/05/2021
1-0201-T,05/05/2021
1-0202-T,06/05/2021
1-0203-T,06/05/2021
1-0204-T,10/05/2021
1-0205-T,10/05/2021
1-0206-T,11/05/2021
1-0207-T,26/05/2021
1-0208,OLD
1-0208-T,26/05/2021
1-0209-T,28/05/2021
1-0210-T,31/05/2021
1-0211,OLD
1-0212-T,15/06/2021
1-0213,OLD
1-0213-T,15/06/2021
1-0214,OLD
1-0214-T,29/06/2021
1-0215-C,OLD
1-0215-T,29/06/2021
1-0216-T,03/07/2021
1-0217-T,03/07/2021
1-0219-A,OLD
1-0219-B,OLD
1-0219-T,10/07/2021
1-0220,OLD
1-0220-T,15/07/2021
1-0221,OLD
1-0221-T,27/07/2021
1-0222,OLD
1-0222-T,29/07/2021
1-0223-T,29/07/2021
1-0224,OLD
1-0224-T,30/07/2021
1-0225,OLD
1-0225-T,30/07/2021
1-0226,OLD
1-0226-T,30/07/2021
1-0227,25/05/2021
1-0227-T,02/08/2021
1-0228,OLD
1-0228-T,04/08/2021
1-0229,OLD
1-0229-T,05/08/2021
1-0230,25/05/2021
1-0230-T,06/08/2021
1-0231-T,09/08/2021
1-0232-T,17/08/2021
1-0233-T,18/08/2021
1-0234-T,24/08/2021
1-0235,OLD
1-0235-T,25/08/2021
1-0236-T,30/08/2021
1-0237-T,02/09/2021
1-0238-A,OLD
1-0238-T,03/09/2021
1-0239-T,03/09/2021
1-0240-T,18/09/2021
1-0241,OLD
1-0241-T,23/09/2021
1-0242,OLD
1-0242-T,01/10/2021
1-0243-T,12/10/2021
1-0244,OLD
1-0244-T,16/10/2021
1-0245,OLD
1-0245-T,20/10/2021
1-0246-T,26/10/2021
1-0247,OLD
1-0247-T,01/11/2021
1-0248-T,02/11/2021
1-0249-A,OLD
1-0249-T,17/11/2021
1-0250-A,OLD
1-0250-T,17/11/2021
1-0251-T,23/11/2021
1-0252-T,18/12/2021
1-0253-T,23/12/2021
1-0254-T,07/01/2022
1-0255-T,18/01/2022
1-0256-T,19/01/2022
1-0257-T,27/01/2022
1-0258-T,01/02/2022
1-0259,25/05/2021
1-0259-T,01/02/2022
1-0260,24/09/2020
1-0260-T,08/02/2022
1-0261-T,08/02/2022
1-0262-T,08/02/2022
1-0263,OLD
1-0265-T,04/03/2022
1-0266,OLD
1-0266-T,08/03/2022
1-0267-T,09/03/2022
1-0268-A,OLD
1-0268-T,18/03/2022
1-0269-T,12/03/2022
1-0270,OLD
1-0270-T,29/03/2022
1-0271,OLD
1-0271-T,15/04/2022
1-0272-T,16/04/2022
1-0273,OLD
1-0273-T,16/05/2022
1-0274-T,24/05/2022
1-0275-T,25/05/2022
1-0276-T,25/05/2022
1-0277,OLD
1-0277-T,01/06/2022
1-0278-T,13/06/2022
1-0279-T,21/06/2022
1-0280-T,30/06/2022
1-0281-T,04/07/2022
1-0282-T,18/07/2022
1-0283,OLD
1-0283-T,27/07/2022
1-0293,OLD
1-0294,OLD
1-0295,OLD
1-0296-A,OLD
1-0296-B,31/05/2021
1-0297,OLD
1-0301,31/05/2021
1-0306,OLD
1-0309-A,25/05/2021
1-0309-B,OLD
1-0311-A,OLD
1-0313,OLD
1-0317,OLD
1-0318-A,OLD
1-0318-B,31/03/2021
1-0319,OLD
1-0322-A,OLD
1-0322-B,OLD
1-0331,OLD
1-0339,OLD
1-0344,OLD
1-0366,OLD
1-0372,OLD
1-0381-C,OLD
1-0383,OLD
1-0385,OLD
1-0392,OLD
1-0394,OLD
1-0395,OLD
1-0400,OLD
1-0403,OLD
1-0405,OLD
1-0411,OLD
1-0412,OLD
1-0417-A,OLD
1-0417-B,OLD
1-0418,OLD
1-0419,OLD
1-0421,OLD
1-0435,OLD
1-0441,OLD
1-0447,OLD
1-0449,OLD
1-0450,OLD
1-0454,OLD
1-0473,OLD
1-0476,23/10/2020
1-0478,OLD
1-0482,OLD
1-0484-B,25/06/2021
1-0488,OLD
1-0489,OLD
1-0491,OLD
1-0493,OLD
1-0494,OLD
1-0496,OLD
1-0498-A,OLD
1-0498-B,OLD
1-0499,OLD
1-0502,OLD
1-0505,OLD
1-0506,OLD
1-0508,OLD
1-0510,OLD
1-0511,OLD
1-0512,OLD
1-0513,OLD
1-0515,OLD
1-0516,OLD
1-0523,OLD
1-0528,19/11/2020
1-0533,OLD
1-0537,OLD
1-0541-C,OLD
1-0546,OLD
1-0548,OLD
1-0549,OLD
1-0550,OLD
1-0551,OLD
1-0552,OLD
1-0568,OLD
1-0584,OLD
1-0590,OLD
1-0591,OLD
1-0600,OLD
1-0602-A,OLD
1-0602-B,OLD
1-0602-C,OLD
1-0602-D,OLD
1-0607,OLD
1-0608,OLD
1-0610,OLD
1-0611,OLD
1-0612,OLD
1-0613-A,OLD
1-0613-B,OLD
1-0613-C,OLD
1-0619-A,OLD
1-0619-B,OLD
1-0621-A,OLD
1-0621-B,OLD
1-0625,OLD
1-0626,OLD
1-0628-A,OLD
1-0628-B,OLD
1-0630,OLD
1-0631,OLD
1-0632,OLD
1-0634-A,OLD
1-0634-B,OLD
1-0637-A,OLD
1-0637-B,OLD
1-0637-C,OLD
1-0640-A,OLD
1-0645-A,OLD
1-0645-b,OLD
1-0648,OLD
1-0649,OLD
1-0650,OLD
1-0652,OLD
1-0653,OLD
1-0661,OLD
1-0662,OLD
1-0665,OLD
1-0668,OLD
1-0683,OLD
1-0684,OLD
1-0685,OLD
1-0687,OLD
1-0688,OLD
1-0689,OLD
1-0690,OLD
1-0691,OLD
1-0696,OLD
1-0707,OLD
1-0710-A,OLD
1-0710-B,OLD
1-0714-A,OLD
1-0714-B,OLD
1-0715-A,OLD
1-0715-B,OLD
1-0716-A,OLD
1-0716-B,OLD
1-0716-C,OLD
1-0716-D,OLD
1-0718,OLD
1-0719,OLD
1-0720-C,OLD
1-0724-A,OLD
1-0726,OLD
1-0727,OLD
1-0728,OLD
1-0729,OLD
1-0730,OLD
1-0731,OLD
1-0734,OLD
1-0735,OLD
1-0737,OLD
1-0739,OLD
1-0741,OLD
1-0742,OLD
1-0743,OLD
1-0744,OLD
1-0745,OLD
1-0746,OLD
1-0747,OLD
1-0748-A,OLD
1-0748-B,OLD
1-0749-B,17/08/2021
1-0750,OLD
1-0751,OLD
1-0755,OLD
1-0757,OLD
1-0758,OLD
1-0761,OLD
1-0762-A,OLD
1-0762-B,OLD
1-0762-C,28/05/2021
1-0762-D,28/05/2021
1-0763-A,OLD
1-0763-B,OLD
1-0764-A,OLD
1-0764-B,OLD
1-0764-C,OLD
1-0765-A,OLD
1-0765-B,OLD
1-0765-C,OLD
1-0766,OLD
1-0767-A,OLD
1-0767-B,Market
1-0771,OLD
1-0771-A,OLD
1-0771-B,OLD
1-0772,OLD
1-0773-A,OLD
1-0773-B,OLD
1-0773-C,OLD
1-0776,OLD
1-0784,OLD
1-0786,28/12/2020
1-0787,OLD
1-0788-A,OLD
1-0788-B,28/05/2021
1-0789-A,OLD
1-0789-B,OLD
107-9099,OLD
1-0798,OLD
1-0799,25/05/2021
1-0800,OLD
1-0802,OLD
1-0803,21/08/2021
1-0804,OLD
1-0806,22/04/2021
1-0813,OLD
1-0827,OLD
1-0828,OLD
1-0829,OLD
1-0837,OLD
1-0839,OLD
1-0840,OLD
1-0843,OLD
1-0845,OLD
1-0847-A,OLD
1-0847-B,OLD
1-0847-C,OLD
1-0848-A,28/05/2021
1-0848-B,28/05/2021
1-0848-C,OLD
1-0849,OLD
1-0850-A,OLD
1-0850-B,OLD
1-0850-C,OLD
1-0851,OLD
1-0852,OLD
1-0853,OLD
1-0857,OLD
1-0858-A,OLD
1-0858-B,OLD
1-0859,OLD
1-0860,OLD
1-0862,16/09/2020
1-0863,OLD
1-0864,OLD
1-0865,OLD
1-0866,OLD
1-0867,OLD
1-0868,OLD
1-0869-A,OLD
1-0870-B,OLD
1-0871,OLD
1-0872,OLD
1-0873,OLD
1-0875,OLD
1-0880,OLD
1-0881,OLD
1-0882,OLD
1-0883-A,OLD
1-0883-B,OLD
1-0884,OLD
1-0885,OLD
1-0886,OLD
1-0889,OLD
1-0894,OLD
1-0896,OLD
1-0898,OLD
1-0901,OLD
1-0907,OLD
1-0911,OLD
1-0916,OLD
1-0918,OLD
1-0921,OLD
1-0923,OLD
1-0928,OLD
1-0931,OLD
1-0934,OLD
1-0935-A,OLD
1-0935-B,OLD
1-0940-A,OLD
1-0942,OLD
1-0943,OLD
1-0944,OLD
1-0948,OLD
1-0949,OLD
1-0951,OLD
1-0953,OLD
1-0955,OLD
1-0960,OLD
1-0962,OLD
1-0964,OLD
1-0966-A,OLD
1-0966-B,OLD
1-0966-C,OLD
1-0971,OLD
1-0972,OLD
1-0975,OLD
1-0983,OLD
1-0985,OLD
1-0987,OLD
1-0989,OLD
1-0991,OLD
1-0992,OLD
1-0993,OLD
1-0998,OLD
11-0001,OLD
11-0001-T,22/10/2020
11-0002,OLD
11-0002-T,25/12/2020
11-0003-T,04/08/2021
11-0004-T,01/02/2022
11-0005-T,23/03/2022
11-0006-T,23/03/2022
11-0007,OLD
11-0008,OLD
11-0009,OLD
11-0013,OLD
11-0015,OLD
11-0019,OLD
1-1001-A,OLD
1-1001-B,OLD
1-1001-C,28/05/2021
1-1001-D,OLD
1-1001-E,OLD
11-0022,OLD
11-0023,OLD
11-0025,OLD
11-0026,OLD
11-0027,OLD
11-0028,28/05/2021
11-0031-T,31/03/2022
11-0032-T,31/03/2022
1-1004-A,OLD
1-1004-B,OLD
1-1004-C,OLD
1-1005,OLD
11-0059,OLD
1-1007,OLD
1-1008,OLD
11-0101,OLD
11-0106,28/05/2021
11-0107,OLD
11-0109,OLD
11-0145,OLD
11-0146,OLD
11-0147,OLD
11-0156,OLD
11-0159,OLD
1-1017,OLD
11-0170-A,28/05/2021
11-0170-B,28/05/2021
1-1018,OLD
1-1020,OLD
1-1024,OLD
1-1025,OLD
1-1026,OLD
1-1030,OLD
1-1034,OLD
1-1035,OLD
1-1037,OLD
1-1043,OLD
1-1050,OLD
1-1056-A,OLD
1-1056-B,OLD
1-1057,OLD
1-1058,OLD
1-1060,OLD
1-1062,OLD
1-1063,OLD
1-1064,OLD
1-1065,OLD
1-1066,OLD
1-1067,OLD
1-1068,06/11/2020
1-1071,OLD
1-1072,OLD
1-1075,OLD
1-1076,OLD
1-1078,OLD
1-1079,OLD
1-1080,07/02/2022
1-1081,OLD
1-1082,OLD
1-1083,OLD
1-1084-A,OLD
1-1084-B,28/05/2021
1-1085,OLD
1-1086,OLD
1-1087,OLD
1-1088,OLD
1-1090,OLD
1-1091,28/05/2021
1-1092,OLD
1-1094,22/05/2021
1-1095,OLD
1-1098,OLD
1-1100,OLD
1-1101,OLD
1-1102,OLD
1-1103,OLD
1-1104,OLD
1-1105,OLD
1-1106,OLD
1-1107,OLD
1-1108,OLD
1-1109-A,20/05/2021
1-1109-B,OLD
1-1110,OLD
1-1111,OLD
1-1112,OLD
1-1113,07/10/2020
1-1114,OLD
1-1115,OLD
1-1116,OLD
1-1118,OLD
1-1119,OLD
1-1120,OLD
1-1121,OLD
1-1122,OLD
1-1123,25/12/2020
1-1124,OLD
1-1125-A,OLD
1-1125-B,OLD
1-1125-C,OLD
1-1126,OLD
1-1128,OLD
1-1129-A,OLD
1-1129-B,22/01/2021
1-1129-C,OLD
1-1130,OLD
1-1131-A,OLD
1-1131-B,OLD
1-1134-A,OLD
1-1134-B,OLD
1-1135,OLD
1-1137,OLD
1-1138,OLD
1-1139,OLD
1-1141,OLD
1-1142,OLD
1-1143,OLD
1-1144,OLD
1-1145,OLD
1-1146,18/07/2020
1-1149,OLD
1-1150,OLD
1-1151,OLD
1-1153,Market
1-1154,OLD
1-1155,OLD
1-1156,OLD
1-1157,24/07/2020
1-1158,OLD
1-1159-A,09/07/2020
1-1159-B,Market
1-1160,09/07/2020
1-1161,29/07/2020
1-1162,27/08/2020
1-1163,02/09/2020
1-1164-A,25/11/2021
1-1164-B,04/09/2020
1-1164-C,03/09/2020
1-1165,03/09/2020
1-1166,05/09/2020
1-1167-A,23/09/2020
1-1167-B,25/09/2020
1-1168,29/09/2020
1-1169,17/11/2020
1-1170,08/01/2021
1-1171-A,10/04/2021
1-1171-B,10/04/2021
1-1172,16/04/2021
1-1174,25/05/2021
1-1175-A,25/05/2021
1-1175-B,25/05/2021
1-1176,28/05/2021
1-1177,28/05/2021
1-1178,28/05/2021
1-1179-A,28/05/2021
1-1179-B,28/05/2021
1-1180,29/05/2021
1-1182,26/06/2021
1-1185,02/06/2021
1-1186,Market
1-1189,Market
1-1190,27/11/2021
1-1191,Market
1-1192,26/02/2022
1-1194,24/03/2023
1-1195,Market
1-1196,Was Order
1-1197,05/07/2022
1-1198,Market
1-1199,Was Order
1-1200,Market
1-1201,OLD
1-1202-A,05/11/2022
1-1202-B,05/11/2022
1-1202-C,05/11/2022
1-1203,Market
1-1204,Market
1-1205,Market
1-1206,08/02/2023
1-1207,08/02/2023
1-1208,Market
1-1209,Market
1-1210,Was Order
1-1211,France
1-1212,OLD
1-1213,Like 987
1-1214,Market
1-1215,07/06/2023
1-1216,France
1-1217-A,28/05/2021
1-1217-B,28/05/2021
1-1217-C,28/05/2021
1-1218,OLD
1-1219,France
1-1220,France
1-1221,France
1-1222,Market
1-1223,Market
1-1224,Was Order
1-1225,France
1-1226,France
1-1227,France
1-1228,Market
1-1229-A,Market
1-1229-B,Market
1-1230,France
1-1231,Market
1-1232,OLD
1-1233,France
1-1234,France
1-1235,France
1-1236,France
1-1237,France
1-1238,05/12/2023
1-1239,Market
1-1240,Market
1-1241,France
1-1242,France
1-1243,France
1-1244-A,16/03/2024
1-1244-B,16/03/2024
1-1245-A,16/03/2024
1-1245-B,16/03/2024
1-1246,25/03/2024
1-1247,France
1-1248,France
1-1249,France
1-1250,France
1-1251,France
1-1252,France
1-1253,France
1-1254,France
1-1255,Market
1-1256,France
1-1257,Was Order
1-1258,Was Order
1-1259,Market
1-1260,Market
1-1261,Market
1-1262,Market
1-1263,Market
1-1264,Market
1-1265,17/08/2024
1-1266,17/08/2024
1-1267,France
1-1268-A,30/08/2024
1-1268-B,04/09/2024
1-1269,Market
1-1270-A,16/09/2024
1-1270-B,16/09/2024
1-1271-A,16/09/2024
1-1271-B,16/09/2024
1-1272-A,16/09/2024
1-1272-B,16/09/2024
1-1273,France
1-1274,27/09/2024
1-1275,Market
1-1276-A,02/10/2024
1-1276-B,02/10/2024
1-1276-C,08/10/2024
1-1277-A,02/10/2024
1-1277-B,09/10/2024
1-1278,France
1-1279-A,08/10/2024
1-1279-B,08/10/2024
1-1279-C,08/10/2024
1-1279-D,12/10/2024
1-1280-A,08/10/2024
1-1280-B,08/10/2024
1-1280-C,08/10/2024
1-1280-D,08/10/2024
1-1281,11/10/2024
1-1282,Market
1-1283,14/11/2024
1-1284,Market
1-1285,Market
12-0024-T,14/12/2021
12-0026-T,18/01/2022
12-0033-T,31/03/2022
12-0055,OLD
12-0057,OLD
12-0058,OLD
12-0060,16/12/2021
12-0061,OLD
12-0062,OLD
14-0008-T,OLD
14-0009-T,02/01/2021
14-0010-T,07/01/2021
14-0011-T,07/01/2021
14-0012-T,OLD
14-0013-T,29/10/2020
14-0014-T,12/11/2020
14-0015-T,19/01/2021
14-0016-T,22/01/2021
14-0017-T,27/01/2021
14-0018-T,20/05/2021
14-0019-T,12/06/2021
14-0020-T,22/06/2021
14-0022-T,31/08/2021
14-0023-T,31/08/2021
14-0025-T,29/12/2021
14-0027-T,18/01/2022
14-0029-T,12/02/2022
14-0030-T,03/03/2022
14-0034-T,27/04/2022
14-0036-T,06/06/2022
14-0139,OLD
14-0168,12/11/2020
2-0000,09/02/2021
2-0004,OLD
2-0006,OLD
2-0007,OLD
2-0008,01/12/2020
2-0009,OLD
2-0010,OLD
2-0011,OLD
2-0012-T,07/11/2020
2-0016,29/07/2020
2-0026,OLD
2-0032,OLD
2-0033,OLD
2-0040,OLD
2-0046,OLD
2-0049,OLD
2-0058,OLD
2-0066,OLD
2-0068,OLD
2-0070,OLD
2-0070-T,04/01/2020
2-0074,OLD
2-0075,OLD
2-0078,OLD
2-0079,OLD
2-0080,OLD
2-0081-T,OLD
2-0091-t,OLD
2-0092,OLD
2-0092-T,OLD
2-0093-t,OLD
2-0094-T,OLD
2-0095,OLD
2-0095-T,OLD
2-0096,OLD
2-0096-T,OLD
2-0097-T,OLD
2-0098,OLD
2-0098-T,OLD
2-0099,OLD
2-0099-T,OLD
2-0100-T,OLD
2-0101-T,OLD
2-0102-T,OLD
2-0104-T,09/07/2020
2-0105-T,OLD
2-0106-T,OLD
2-0107-T,16/07/2020
2-0108-T,OLD
2-0109-t,13/08/2020
2-0110,OLD
2-0110-t,15/08/2020
2-0111-T,19/08/2020
2-0112-T,20/08/2020
2-0113-T,24/08/2020
2-0114-T,27/08/2020
2-0115-T,27/08/2020
2-0116-T,31/08/2020
2-0117-T,01/09/2020
2-0118-T,07/09/2020
2-0119-T,12/09/2020
2-0120,OLD
2-0120-T,15/09/2020
2-0121,OLD
2-0121-T,29/09/2020
2-0122-T,29/09/2020
2-0123-T,30/09/2020
2-0124-T,06/10/2020
2-0125-T,15/10/2020
2-0126-T,15/10/2020
2-0127,OLD
2-0127-T,28/10/2020
2-0128-T,03/11/2020
2-0129-T,04/11/2020
2-0130-T,24/11/2020
2-0131-T,04/12/2020
2-0132-T,14/12/2020
2-0133-T,18/12/2020
2-0134,OLD
2-0135-T,30/12/2020
2-0136,OLD
2-0136-T,02/01/2021
2-0137-T,04/01/2020
2-0138-T,07/01/2021
2-0139,OLD
2-0139-T,06/01/2021
2-0140,OLD
2-0140-T,07/01/2021
2-0141,OLD
2-0141-T,16/01/2021
2-0142-T,28/01/2021
2-0143-T,03/02/2021
2-0144-T,28/01/2021
2-0145-T,10/02/2021
2-0146-T,18/02/2021
2-0147-T,19/02/2021
2-0148-T,16/03/2021
2-0149-T,03/03/2021
2-0150-T,04/03/2021
2-0151-T,15/03/2021
2-0152,18/03/2021
2-0153-T,20/03/2021
2-0154-T,24/03/2021
2-0155-T,30/03/2021
2-0156-T,08/04/2021
2-0157,29/04/2021
2-0158-T,04/05/2021
2-0159-T,22/05/2021
2-0161-T,28/05/2021
2-0162-T,19/06/2021
2-0163-T,12/06/2021
2-0164-T,15/06/2021
2-0165-T,17/06/2021
2-0166-T,17/06/2021
2-0168-T,07/07/2021
2-0169-T,13/07/2021
2-0170-T,15/07/2021
2-0171-T,15/07/2021
2-0172-T,17/07/2021
2-0173-T,04/08/2021
2-0174-T,04/08/2021
2-0175-T,09/08/2021
2-0176-T,10/08/2021
2-0177-T,25/08/2021
2-0178-T,30/08/2021
2-0179-T,30/08/2021
2-0180-T,31/08/2021
2-0181-T,07/09/2021
2-0183,OLD
2-0183-T,14/09/2021
2-0184,OLD
2-0184-T,23/09/2021
2-0185,OLD
2-0185-T,23/09/2021
2-0186-T,25/09/2021
2-0187,OLD
2-0187-T,07/10/2021
2-0188-T,16/10/2021
2-0189-T,28/10/2021
2-0190-T,28/10/2021
2-0191-T,02/11/2021
2-0192,OLD
2-0192-T,03/11/2021
2-0193-T,09/11/2021
2-0194-T,15/11/2021
2-0195-T,16/11/2021
2-0196-T,24/11/2021
2-0197-T,25/11/2021
2-0198-T,27/11/2021
2-0199-T,06/12/2021
2-0200,OLD
2-0200-T,15/12/2021
2-0201,OLD
2-0201-T,21/12/2021
2-0202,OLD
2-0202-T,05/01/2022
2-0203-T,22/01/2022
2-0204-T,29/01/2022
2-0205-T,04/02/2022
2-0206,OLD
2-0206-T,04/02/2022
2-0207-T,17/02/2022
2-0208-T,26/02/2022
2-0209,OLD
2-0209-T,01/03/2022
2-0210,OLD
2-0210-T,04/03/2022
2-0211-T,17/03/2022
2-0212-T,17/03/2022
2-0213-T,18/03/2022
2-0214-T,14/04/2022
2-0215-T,18/04/2022
2-0216,OLD
2-0216-T,26/04/2022
2-0217-T,26/04/2022
2-0218-T,02/06/2022
2-0219-T,06/06/2022
2-0220-T,06/06/2022
2-0221-T,10/06/2022
2-0222-T,20/06/2022
2-0223-T,23/06/2022
2-0224-T,25/06/2022
2-0225-T,06/07/2022
2-0226,OLD
2-0226-T,20/07/2022
2-0228,OLD
2-0231,OLD
2-0234,OLD
2-0235,OLD
2-0236,OLD
2-0237,OLD
2-0238,OLD
2-0239,OLD
2-0245,OLD
2-0246,OLD
2-0251,OLD
2-0253,OLD
2-0254,OLD
2-0256,OLD
2-0259,OLD
2-0266,OLD
2-0267,OLD
2-0277,OLD
2-0278,OLD
2-0296,OLD
2-0304,OLD
2-0306,OLD
2-0310,OLD
2-0311,OLD
2-0312,07/12/2020
2-0316,20/05/2021
2-0319,OLD
2-0331,Italian
2-0333,OLD
2-0334,Italian
2-0335,OLD
2-0338,OLD
2-0339,OLD
2-0345,OLD
2-0348,OLD
2-0362,OLD
2-0367-A,OLD
2-0367-B,OLD
2-0369,OLD
2-0372,OLD
2-0380,OLD
2-0384,OLD
2-0385,OLD
2-0386,OLD
2-0388,OLD
2-0390,OLD
2-0396,OLD
2-0400,OLD
2-0406,OLD
2-0408,OLD
2-0410,OLD
2-0423,OLD
2-0426,OLD
2-0427,OLD
2-0428,OLD
2-0433,OLD
2-0438,OLD
2-0442,OLD
2-0443,OLD
2-0444,OLD
2-0445,OLD
2-0446,OLD
2-0450,OLD
2-0454,OLD
2-0465,OLD
2-0470,OLD
2-0471,OLD
2-0472,OLD
2-0473,OLD
2-0479,OLD
2-0480,OLD
2-0481,OLD
2-0483,OLD
2-0486,OLD
2-0487,OLD
2-0488,OLD
2-0489,OLD
2-0490,OLD
2-0495,OLD
2-0503,OLD
2-0505,OLD
2-0506,OLD
2-0507,OLD
2-0512,OLD
2-0516,OLD
2-0518,16/09/2020
2-0519,OLD
2-0520,OLD
2-0525,OLD
2-0532,OLD
2-0533,OLD
2-0534,OLD
2-0535,OLD
2-0536,OLD
2-0537,OLD
2-0545,OLD
2-0547,OLD
2-0552,28/09/2020
2-0559,OLD
2-0561,OLD
2-0562,OLD
2-0563,OLD
2-0564,OLD
2-0565,OLD
2-0566,OLD
2-0571,OLD
2-0572,OLD
2-0577,OLD
2-0580,OLD
2-0584,OLD
2-0585,OLD
2-0586,OLD
2-0588,OLD
2-0592,OLD
2-0593,OLD
2-0596,OLD
2-0597,OLD
2-0598,OLD
2-0599,OLD
2-0600,OLD
2-0602,OLD
2-0605,OLD
2-0611,OLD
2-0613,OLD
2-0617,OLD
2-0620,OLD
2-0626,OLD
2-0636,OLD
2-0639,OLD
2-0640,29/06/2021
2-0645,OLD
2-0646,OLD
2-0647,OLD
2-0653,OLD
2-0655-A,OLD
2-0656,OLD
2-0659,OLD
2-0661,OLD
2-0672,Italian
2-0673,OLD
2-0682-A,OLD
2-0683-A,OLD
2-0688,OLD
2-0691,OLD
2-0697,OLD
2-0698,OLD
2-0700,OLD
2-0701,OLD
2-0702,OLD
2-0705,OLD
2-0706,OLD
2-0714,OLD
2-0716,OLD
2-0759,OLD
2-0760,OLD
2-0761,OLD
2-0763,OLD
2-0764,OLD
2-0765,OLD
2-0767,OLD
2-0769,OLD
2-0770,OLD
2-0771,OLD
2-0773,OLD
2-0775,OLD
2-0776,OLD
2-0780,OLD
2-0781,OLD
2-0782,OLD
2-0783,OLD
2-0786,OLD
2-0789,OLD
2-0790,OLD
2-0791-A,OLD
2-0791-B,OLD
2-0794,OLD
2-0794-B,OLD
2-0795,OLD
2-0802,OLD
2-0803,OLD
2-0805,13/10/2020
2-0808,OLD
2-0812,OLD
2-0816,OLD
2-0820,OLD
2-0832,OLD
2-0835,OLD
2-0838,OLD
2-0839,OLD
2-0848,OLD
2-0851,OLD
2-0920,OLD
2-0951,OLD
2-0952,OLD
2-0953,OLD
2-0970,OLD
2-0973,OLD
2-0976,OLD
2-0994,OLD
2-1002,OLD
2-1004,OLD
2-1007,OLD
2-1016,OLD
2-1025,OLD
2-1028,OLD
2-1031,OLD
2-1048-A,OLD
2-1048-B,28/09/2021
2-1049-A,OLD
2-1049-B,OLD
2-1049-C,OLD
2-1049-D,OLD
2-1049-E,OLD
2-1054,OLD
2-1060,OLD
2-1064,OLD
2-1071,OLD
2-1072,31/08/2021
2-1077,OLD
2-1079,OLD
2-1085,OLD
2-1095,OLD
2-1097,OLD
2-1099,OLD
2-1105,OLD
2-1108,OLD
2-1109,OLD
2-1117,OLD
2-1119,OLD
2-1121,OLD
2-1122,OLD
2-1123,OLD
2-1133-A,OLD
2-1133-B,OLD
2-1134-A,OLD
2-1134-B,OLD
2-1137-A,OLD
2-1137-B,OLD
2-1140,OLD
2-1141,OLD
2-1145,OLD
2-1147,OLD
2-1152,OLD
2-1157,21/07/2020
2-1162-A,OLD
2-1162-B,OLD
2-1165,OLD
2-1166,OLD
2-1175-A,OLD
2-1175-B,27/11/2020
2-1182,OLD
2-1190,OLD
2-1192,OLD
2-1194,OLD
2-1200,12/08/2020
2-1201,OLD
2-1202,OLD
2-1203,OLD
2-1204,OLD
2-1206,Italian
2-1209,Italian
2-1213,OLD
2-1214,OLD
2-1218,OLD
2-1220,26/10/2020
2-1222,OLD
2-1224,OLD
2-1228,OLD
2-1229,OLD
2-1235,OLD
2-1236,OLD
2-1237,OLD
2-1240,OLD
2-1246,OLD
2-1259,OLD
2-1263,12/11/2020
2-1270,OLD
2-1271,Market
2-1272,OLD
2-1273,OLD
2-1275,OLD
2-1276,OLD
2-1277,OLD
2-1278,OLD
2-1280,OLD
2-1281,OLD
2-1282,OLD
2-1283,OLD
2-1284,OLD
2-1285,OLD
2-1286,OLD
2-1293,OLD
2-1296,OLD
2-1298,OLD
2-1300,OLD
2-1302,OLD
2-1303,OLD
2-1305,OLD
2-1306,OLD
2-1307,OLD
2-1308-A,OLD
2-1308-B,OLD
2-1308-C,OLD
2-1310,OLD
2-1312,OLD
2-1314,OLD
2-1315,OLD
2-1316,OLD
2-1317,OLD
2-1320-A,OLD
2-1320-B,27/09/2024
2-1321,OLD
2-1326,OLD
2-1327,OLD
2-1329,OLD
2-1331,OLD
2-1333,OLD
2-1334,OLD
2-1337,OLD
2-1338,OLD
2-1339,OLD
2-1340,OLD
2-1341,29/05/2021
2-1342,OLD
2-1344,OLD
2-1345,OLD
2-1346,OLD
2-1347,OLD
2-1348,OLD
2-1349,OLD
2-1351,17/11/2020
2-1356,OLD
2-1357,OLD
2-1358,OLD
2-1363,OLD
2-1364,OLD
2-1366-A,OLD
2-1366-B,OLD
2-1366-C,OLD
2-1367,OLD
2-1368,OLD
2-1370,OLD
2-1372,OLD
2-1373-A,OLD
2-1373-B,OLD
2-1373-C,OLD
2-1373-D,Market
2-1374,OLD
2-1376,OLD
2-1377,OLD
2-1378,OLD
2-1379,OLD
2-1380,OLD
2-1382,OLD
2-1383,OLD
2-1384,OLD
2-1385,OLD
2-1386,OLD
2-1387,OLD
2-1388,OLD
2-1389,OLD
2-1390,OLD
2-1391-A,OLD
2-1391-C,OLD
2-1392,OLD
2-1393,OLD
2-1394,OLD
2-1395,OLD
2-1396-A,OLD
2-1396-B,OLD
2-1398,OLD
2-1400,OLD
2-1401,OLD
2-1402,OLD
2-1403,OLD
2-1404-A,OLD
2-1404-B,OLD
2-1406,OLD
2-1408,OLD
2-1409,OLD
2-1410,OLD
2-1411,OLD
2-1414,OLD
2-1415,OLD
2-1416-A,OLD
2-1418-A,16/07/2024
2-1418-B,15/06/2024
2-1418-C,OLD
2-1418,OLD
2-1419,Market
2-1420,OLD
2-1421,OLD
2-1422,OLD
2-1423,OLD
2-1424,OLD
2-1426,OLD
2-1428,OLD
2-1429,OLD
2-1431,OLD
2-1432,OLD
2-1433,OLD
2-1435,OLD
2-1437,OLD
2-1439,OLD
2-1440,OLD
2-1441-A,Turkish
2-1441-B,Turkish
2-1442-a,Turkish
2-1442-B,Turkish
2-1442-C,Turkish
2-1442-D,Turkish
2-1443,Turkish
2-1444-A,Turkish
2-1444-B,Turkish
2-1445-A,Turkish
2-1445-B,Turkish
2-1445-C,Turkish
2-1445-D,Turkish
2-1446,Turkish
2-1447-A,Turkish
2-1447-B,Turkish
2-1447-C,Turkish
2-1448-A,Turkish
2-1448-B,Turkish
2-1449,Turkish
2-1450,Turkish
2-1451,Turkish
2-1452,Turkish
2-1453-A,Turkish
2-1453-C,Turkish
2-1454-A,Turkish
2-1454-B,Turkish
2-1455-A,Turkish
2-1455-B,Turkish
2-1455-C,Turkish
2-1455-D,Turkish
2-1455-e,Turkish
2-1456-A,Turkish
2-1456-B,Turkish
2-1456-C,Turkish
2-1457-A,Turkish
2-1457-B,Turkish
2-1457-C,Turkish
2-1458-A,Turkish
2-1458-B,Turkish
2-1458-C,Turkish
2-1458-D,Turkish
2-1458-E,Turkish
2-1458-F,Turkish
2-1459-A,Turkish
2-1459-B,Turkish
2-1459-C,Turkish
2-1460-A,Turkish
2-1460-B,Turkish
2-1460-C,Turkish
2-1461-A,Turkish
2-1461-B,Turkish
2-1461-C,Turkish
2-1461-D,Turkish
2-1462-A,Turkish
2-1462-B,Turkish
2-1462-C,Turkish
2-1463,Turkish
2-1464,OLD
2-1465,OLD
2-1466,OLD
2-1467,OLD
2-1468,OLD
2-1469,OLD
2-1470,OLD
2-1471,OLD
2-1472,Market
2-1474,OLD
2-1475,OLD
2-1477,OLD
2-1478,OLD
2-1479,OLD
2-1480,OLD
2-1482,OLD
2-1483,OLD
2-1485,OLD
2-1486,OLD
2-1487,OLD
2-1488,OLD
2-1490,OLD
2-1491,OLD
2-1492,OLD
2-1493,OLD
2-1494,OLD
2-1496,OLD
2-1497-A,OLD
2-1497-B,OLD
2-1498,OLD
2-1499,OLD
2-1500,OLD
2-1501,OLD
2-1502,Italian
2-1504,31/08/2020
2-1505,31/08/2020
2-1506,02/09/2020
2-1507,08/09/2020
2-1508,11/09/2020
2-1509-A,11/09/2020
2-1509-B,11/09/2020
2-1509-C,03/10/2020
2-1510,17/09/2020
2-1511,24/09/2020
2-1512,02/10/2020
2-1513,03/10/2020
2-1514,23/10/2020
2-1515-A,23/10/2020
2-1515-B,23/10/2020
2-1517-A,26/10/2020
2-1517-B,24/12/2020
2-1518,28/10/2020
2-1519,07/11/2020
2-1520-A,17/11/2020
2-1520-B,24/11/2020
2-1521,13/11/2020
2-1522,13/11/2020
2-1523,13/11/2020
2-1524,13/11/2020
2-1525,13/11/2020
2-1526,13/11/2020
2-1527,14/11/2020
2-1528,14/11/2020
2-1529,16/11/2020
2-1530,16/11/2020
2-1532,19/11/2020
2-1533,18/11/2020
2-1534,22/11/2020
2-1535,25/11/2020
2-1536,24/11/2020
2-1537,27/11/2020
2-1538,02/12/2020
2-1539,03/12/2020
2-1540,09/12/2020
2-1541,09/12/2020
2-1542,09/12/2020
2-1543,10/12/2020
2-1544,10/12/2020
2-1545,10/12/2020
2-1546,12/12/2020
2-1547,18/12/2020
2-1548,24/12/2020
2-1549,25/12/2020
2-1550,25/12/2020
2-1551,26/12/2020
2-1552,07/01/2021
2-1553,07/01/2021
2-1554,07/01/2021
2-1555,07/01/2021
2-1556-A,07/01/2021
2-1556-B,30/12/2021
2-1557,07/01/2021
2-1558,14/01/2021
2-1559-A,15/01/2021
2-1559-B,18/02/2021
2-1559-C,13/03/2021
2-1560-A,Italian
2-1560-B,26/01/2021
2-1560-C,26/01/2021
2-1561,26/01/2021
2-1562,02/02/2021
2-1563,30/01/2021
2-1564,05/02/2021
2-1565,05/02/2021
2-1566,05/02/2021
2-1567,06/02/2021
2-1568-A,06/02/2021
2-1568-B,30/12/2021
2-1569,11/02/2021
2-1570,11/02/2021
2-1571,11/02/2021
2-1572,15/02/2021
2-1573,OLD
2-1574,15/02/2021
2-1575,17/02/2021
2-1576,19/02/2021
2-1577,22/02/2021
2-1578,27/02/2021
2-1579,27/02/2021
2-1580,27/02/2021
2-1581,27/02/2021
2-1582,27/02/2021
2-1584,01/03/2021
2-1585-A,02/03/2021
2-1585-B,03/03/2021
2-1586-A,02/03/2021
2-1586-B,09/03/2021
2-1587,05/03/2021
2-1588,05/03/2021
2-1589,18/03/2021
2-1590-A,18/03/2021
2-1590-B,30/12/2021
2-1591,22/03/2021
2-1592,22/03/2021
2-1593,Italian
2-1594,Italian
2-1595,26/03/2021
2-1596,05/04/2021
2-1597,05/04/2021
2-1598,05/04/2021
2-1599,05/04/2021
2-1600,05/04/2021
2-1601,05/04/2021
2-1602,05/04/2021
2-1603,05/04/2021
2-1604,09/04/2021
2-1605,10/04/2021
2-1606,15/04/2021
2-1607-A,15/04/2021
2-1607-B,15/04/2021
2-1607-C,15/04/2021
2-1608-A,20/04/2021
2-1608-B,24/03/2022
2-1609,28/04/2021
2-1610,28/04/2021
2-1611,28/04/2021
2-1612,28/04/2021
2-1613,30/04/2021
2-1614,Italian
2-1615,Italian
2-1616,Italian
2-1617,Italian
2-1618,Italian
2-1619,Italian
2-1620,Italian
2-1621-A,Italian
2-1621-B,Italian
2-1622-A,Italian
2-1622-B,Italian
2-1623,Italian
2-1624,Italian
2-1625,Italian
2-1626,Italian
2-1627,Italian
2-1628,Italian
2-1629,Italian
2-1630,Italian
2-1631,29/05/2021
2-1632,29/05/2021
2-1633,29/05/2021
2-1635,12/06/2021
2-1636,12/06/2021
2-1637,30/06/2021
2-1638,13/07/2021
2-1639,14/07/2021
2-1641,27/07/2021
2-1643,12/08/2021
2-1646,27/05/2021
2-1648,29/09/2021
2-1649,29/09/2021
2-1650,29/09/2021
2-1651,29/09/2021
2-1652,Market
2-1655-A,21/10/2021
2-1655-B,21/10/2021
2-1656,22/10/2021
2-1657,22/10/2021
2-1660,21/01/2022
2-1661-A,19/11/2021
2-1661-B,19/11/2021
2-1663,10/09/2021
2-1666,13/01/2022
2-1667,20/01/2022
2-1672,08/02/2022
2-1673,26/02/2022
2-1675,07/03/2022
2-1676,07/03/2022
2-1677,08/03/2022
2-1678,12/03/2022
2-1679,16/03/2022
2-1680,17/03/2022
2-1681,17/03/2022
2-1682,30/03/2022
2-1683,09/04/2022
2-1684,12/04/2022
2-1685,16/04/2022
2-1686,25/04/2022
2-1688,19/05/2022
2-1689,Market
2-1691,Market
2-1692,Was Order
2-1693,06/06/2022
2-1694-A,06/06/2022
2-1694-B,21/09/2024
2-1697,08/07/2022
2-1698,Market
2-1699,Market
2-1700,Market
2-1701,Was Order
2-1702,Market
2-1703,Market
2-1704,12/09/2022
2-1705,Market
2-1706,Market
2-1707,Market
2-1708,30/09/2022
2-1709,Market
2-1710,Market
2-1711,Market
2-1712,TURKISH
2-1713,TURKISH
2-1714,TURKISH
2-1715,TURKISH
2-1716-A,TURKISH
2-1716-B,TURKISH
2-1717,TURKISH
2-1718,TURKISH
2-1719-A,TURKISH
2-1719-B,TURKISH
2-1720-A,TURKISH
2-1720-B,Turkish Meşe
2-1721,TURKISH
2-1722-A,Turkish
2-1722-B,Turkish Trioro
2-1723,TURKISH 
2-1724,TURKISH
2-1725,TURKISH
2-1726,TURKISH
2-1727,TURKISH
2-1728-A,TURKISH
2-1728-B,TURKISH
2-1729,TURKISH
2-1730,TURKISH
2-1731-A,TURKISH
2-1731-B,TURKISH
2-1731-C,TURKISH
2-1731-D,TURKISH
2-1732,TURKISH
2-1733,07/12/2022
2-1734,07/02/2023
2-1735,TURKISH
2-1736,Turkish Imseeh & Meşe
2-1737-A,27/10/2022
2-1737-B,04/10/2024
2-1738,27/10/2022
2-1739,Market
2-1740,07/11/2022
2-1741,07/11/2022
2-1742,07/11/2022
2-1743,07/11/2022
2-1744-A,16/11/2022
2-1744-B,08/05/2023
2-1745,17/11/2022
2-1746,Market
2-1747,Was Order
2-1748,03/12/2022
2-1749,16/12/2022
2-1750,16/12/2022
2-1751,11/02/2023
2-1752-A,29/12/2022
2-1752-B,Turkish Meşe
2-1753,14/01/2023
2-1754,14/01/2023
2-1755,OLD
2-1756,06/01/2023
2-1757,19/01/2023
2-1758,19/01/2023
2-1759,19/01/2023
2-1760,TURKISH
2-1761,TURKISH
2-1762,04/02/2023
2-1763,20/02/2023
2-1764,08/03/2023
2-1765,08/03/2023
2-1766,06/03/2023
2-1767,18/03/2023
2-1768,10/03/2023
2-1769,Market
2-1770,Market
2-1771,Market
2-1772,France
2-1773,Market
2-1774,Market
2-1775,18/05/2023
2-1776-A,01/06/2023
2-1776-B,08/06/2023
2-1777,France
2-1778,France
2-1779,10/06/2023
2-1780,Market
2-1781,Market
2-1782,Market
2-1783,France
2-1784,France
2-1785,24/06/2023
2-1786,24/06/2023
2-1787,France
2-1788,15/07/2023
2-1789,19/07/2023
2-1790,19/07/2023
2-1791-A,19/07/2023
2-1791-B,27/07/2023
2-1792,France
2-1793,Market
2-1794,Market
2-1795,05/08/2023
2-1796,05/08/2023
2-1797,Market
2-1798,France
2-1799,France
2-1800,France
2-1801,France
2-1802,France
2-1803,Market
2-1804,France
2-1805,France
2-1806,Market
2-1807,France
2-1808-A,08/10/2023
2-1808-B,29/09/2023
2-1809,France
2-1810,France
2-1811,France
2-1812,France
2-1813,France
2-1814,06/04/2024
2-1815,France
2-1816,France
2-1817,France
2-1818,France
2-1819,France
2-1820,France
2-1821,France
2-1822,France
2-1823-A,Turkish Imseeh
2-1823-B,Turkish Imseeh
2-1824,Turkish Imseeh
2-1825,Turkish Imseeh
2-1826,Turkish Imseeh
2-1827,Turkish Imseeh
2-1828,Turkish Imseeh
2-1829,Turkish Meşe & Imseeh
2-1830,Turkish Imseeh
2-1831,Turkish Imseeh
2-1832-A,Turkish Imseeh
2-1832-B,Turkish Imseeh
2-1833,Turkish Imseeh
2-1834,Turkish Imseeh
2-1835,Turkish Imseeh
2-1836,Turkish Imseeh
2-1837-A,Turkish Imseeh
2-1838,Turkish Imseeh
2-1840,Turkish Imseeh
2-1841,Turkish Imseeh
2-1842,Turkish Imseeh
2-1843,Turkish Imseeh
2-1844,Turkish Imseeh
2-1845,Turkish Imseeh
2-1846-A,Turkish Imseeh
2-1846-B,Turkish Imseeh
2-1847,Turkish Imseeh
2-1848,Turkish Imseeh
2-1849,Turkish Imseeh
2-1850,Turkish Imseeh & Meşe
2-1851,Turkish Imseeh
2-1852,Turkish Imseeh
2-1853,Turkish Imseeh
2-1854,Turkish Imseeh
2-1855,Turkish Imseeh
2-1856,Turkish Imseeh
2-1857,Turkish Imseeh
2-1858,Market
2-1859,Market
2-1860,Market
2-1861,Turkish Meşe
2-1862,Turkish Meşe
2-1863,Turkish Meşe
2-1864,Turkish Meşe
2-1865,Turkish Meşe
2-1866,Turkish Meşe
2-1867,Turkish Meşe
2-1868,Turkish Meşe
2-1869,Turkish Meşe
2-1870-A,Turkish Meşe
2-1871,Turkish Meşe
2-1872-A,Turkish Meşe
2-1872-B,Turkish Meşe
2-1873-A,Turkish Meşe
2-1873-B,Turkish Meşe
2-1873-C,Turkish Meşe
2-1873-D,Turkish Meşe
2-1874,Turkish Trioro
2-1875,Turkish Trioro
2-1876,Market
2-1877,Market
2-1878,Market
2-1879,Market
2-1880-A,Turkish Meşe
2-1880-B,Turkish Meşe
2-1881,Turkish Meşe
2-1882,Turkish Meşe
2-1883,Turkish Meşe
2-1884,Turkish Meşe
2-1885,Turkish Meşe
2-1886,Turkish Meşe
2-1887,Turkish Meşe
2-1888,Turkish Meşe
2-1889,Turkish Meşe
2-1890,Turkish Meşe
2-1891,Turkish Meşe
2-1892-A,Turkish Meşe
2-1892-B,Turkish Meşe
2-1893,France
2-1894,France
2-1895,France
2-1896,10/11/2023
2-1897,France
2-1898,France
2-1899,Was Order
2-1900,France
2-1901,Market
2-1902,France
2-1903,France
2-1904,France
2-1905,France
2-1906,Market
2-1907,Market
2-1908,Market
2-1909,01/01/2024
2-1910,Market
2-1911,01/01/2024
2-1912-A,01/01/2024
2-1912-B,01/01/2024
2-1912-C,01/01/2024
2-1912-D,01/01/2024
2-1913,16/01/2024
2-1914,25/01/2024
2-1915,France
2-1916,France
2-1917,France
2-1918,France
2-1919,France
2-1920,France
2-1921,France
2-1922,12/09/2023
2-1923,France
2-1924,Market
2-1925,Market
2-1926,Market
2-1927,Market
2-1928,Market
2-1929,Market
2-1930,Market
2-1931,France
2-1932,France
2-1933,Market
2-1934,France
2-1935,France
2-1936,Market
2-1937,27/04/2024
2-1938,Was Order (Returned)
2-1939,Market
2-1940,Market
2-1941,France
2-1942,France
2-1943,France
2-1944,France
2-1945,France
2-1946,France
2-1947,France
2-1948,France
2-1949,France
2-1950,France
2-1951,France
2-1952,17/05/2024
2-1953,17/05/2024
2-1954,22/05/2024
2-1955,Market
2-1956,Market
2-1957,Market
2-1958-A,28/05/2024
2-1959,France
2-1960,30/05/2024
2-1961,07/06/2024
2-1962-A,08/06/2024
2-1962-B,08/06/2024
2-1962-C,08/06/2024
2-1963-A,08/06/2024
2-1963-B,08/06/2024
2-1963-C,08/06/2024
2-1964,15/06/2024
2-1965,15/06/2024
2-1966,15/06/2024
2-1967-A,15/06/2024
2-1967-B,15/06/2024
2-1968-A,15/06/2024
2-1968-B,15/06/2024
2-1968-C,15/06/2024
2-1969,France
2-1970,26/06/2024
2-1971,26/06/2024
2-1972,Market
2-1973,France
2-1974,04/06/2024
2-1975,09/07/2024
2-1976,10/07/2024
2-1977,22/07/2024
2-1978,19/07/2024
2-1979,22/07/2024
2-1980,23/07/2024
2-1981,Market
2-1982-A,24/07/2024
2-1982-B,14/08/2024
2-1982-C,14/08/2024
2-1982-D,14/08/2024
2-1982-E,14/08/2024
2-1983,06/08/2024
10-1984,Turkish Imseeh
2-1985,30/07/2024
2-1986,30/07/2024
2-1987,30/07/2024
2-1988,01/08/2024
2-1989,01/08/2024
2-1990,Market
2-1991,Market
2-1992,Market
2-1993,Market
2-1994,Market
2-1995,Market
2-1996,France
2-1997,Market
2-1998,France
2-1999,France
2-2000,04/09/2024
2-2001,Market
2-2002,Market
10-2003,Market
2-2004,Market
2-2005,France
2-2006,Market
2-2007,Market
2-2008,Market
2-2009,24/09/2024
2-2010,24/09/2024
2-2011,24/09/2024
2-2012,27/09/2024
2-2013,Market
2-2014,Market
2-2015,France
2-2016,Market
2-2017,Market
2-2018,Turkish Meşe
2-2019,Turkish Meşe
2-2020,Turkish Meşe
2-2021,Turkish Meşe
2-2022,Turkish Meşe
2-2023,Turkish Meşe
2-2024,Turkish Meşe
2-2025,Turkish Meşe
2-2026,Turkish Meşe
2-2027,Turkish Meşe
2-2028,Turkish Meşe
2-2029,Turkish Meşe
2-2030,Turkish Meşe
2-2031,Turkish Meşe
2-2032,Turkish Meşe
2-2033,Turkish Meşe
2-2034,Turkish Meşe
2-2035,Turkish Meşe
2-2036,Turkish Meşe
2-2037,Turkish Meşe
2-2038,Turkish Meşe
2-2039,Turkish Meşe
2-2040,Turkish Meşe
2-2041,Turkish Meşe
2-2042,Turkish Meşe
2-2043,Turkish Meşe
2-2044,Turkish Meşe
2-2045,Turkish Meşe
2-2046,Turkish Meşe
2-2047,Turkish Meşe
2-2048,Turkish Meşe
2-2049,Turkish Meşe
2-2050,Turkish Meşe
2-2051,Turkish Meşe
2-2052,Turkish Meşe
2-2053,Turkish Meşe
2-2054,Turkish Meşe
2-2055,Turkish Meşe
2-2056,Turkish Meşe
2-2057,Turkish Meşe
2-2058,Turkish Meşe
2-2059,Turkish Meşe
2-2060,Turkish Meşe
2-2061,Turkish Meşe
2-2062-a,Turkish Meşe
2-2062-b,Turkish Meşe
2-2063-a,Turkish Meşe
2-2063-b,Turkish Meşe
2-2064-a,Turkish Meşe
2-2064-b,Turkish Meşe
2-2064-c,Turkish Meşe
2-2065-a,Turkish Meşe
2-2065-b,Turkish Meşe
2-2066-a,Turkish Meşe
2-2066-b,Turkish Meşe
2-2067-a,Turkish Meşe
2-2067-b,Turkish Meşe
2-2068-a,Turkish Meşe
2-2068-b,Turkish Meşe
2-2069-a,Turkish Meşe
2-2069-b,Turkish Meşe
2-2070-a,Turkish Meşe
2-2070-b,Turkish Meşe
2-2071-a,Turkish Meşe
2-2071-b,Turkish Meşe
2-2072,Turkish Meşe
2-2073,Turkish Meşe
2-2074,Turkish Meşe
2-2075,Turkish Meşe
2-2076,Turkish Meşe
2-2077,Turkish Meşe
2-2078,Turkish Meşe
2-2079,Turkish Meşe
2-2080,Turkish Meşe
2-2081,Turkish Meşe
2-2082,Turkish Meşe
2-2083,Turkish Meşe
2-2084,Turkish Meşe
2-2085,Turkish Meşe
2-2086,Turkish Meşe
2-2087,Turkish Meşe
2-2088,Turkish Meşe
2-2089,Turkish Meşe
2-2090,Turkish Meşe
2-2091,Turkish Meşe
2-2092,Turkish Meşe
2-2093,Turkish Meşe
2-2094,Turkish Meşe
2-2095,Turkish Meşe
2-2096,Turkish Meşe
2-2097,Turkish Meşe
2-2098-a,Turkish Meşe
2-2098-b,Turkish Meşe
2-2099,Turkish Meşe
2-2100,Turkish Meşe
2-2101,Turkish Meşe
2-2102,Turkish Meşe
2-2103,Turkish Meşe
2-2104,Turkish Meşe
2-2105,Turkish Meşe
2-2106,Turkish Meşe
2-2107,Turkish Meşe
2-2108,Turkish Meşe
2-2109,Turkish Meşe
2-2110,Turkish Meşe
2-2111,Turkish Meşe
2-2112,Market
2-2113,Market
2-2114,Market
2-2115,Market
2-2116,09/11/2024
2-2117,Market
2-2118,Market
2-2119,Market
2-2120,Was Order
2-2121,Market
2-2122-A,21/11/2024
2-2122-B,21/11/2024
2-2123,France
2-2124,Market
2-2125,Market
2-2126,France
4-0002,OLD
4-0003,OLD
4-0004-A,OLD
4-0004-B,OLD
4-0006,OLD
4-0007,OLD
4-0010,OLD
4-0011,OLD
4-0014,OLD
4-0015,OLD
4-0016,OLD
4-0018,OLD
4-0018-T,10/02/2021
4-0019-A,OLD
4-0019-B,OLD
4-0019-C,OLD
4-0019-D,OLD
4-0019-E,OLD
4-0021,OLD
4-0024,OLD
4-0025,OLD
4-0026,OLD
4-0028,OLD
4-0029,OLD
4-0039-T,OLD
4-0040-t,OLD
4-0041-t,OLD
4-0042-t,OLD
4-0043-T,OLD
4-0044-T,OLD
4-0045-T,09/07/2020
4-0046,OLD
4-0046-T,09/07/2020
4-0047,OLD
4-0047-T,OLD
4-0048-T,OLD
4-0049-T,15/07/2020
4-0050-T,31/08/2020
4-0052-T,05/09/2020
4-0053-T,15/09/2020
4-0054-T,16/09/2020
4-0057-T,13/10/2020
4-0058-T,15/10/2020
4-0060-T,17/10/2020
4-0061-T,19/10/2020
4-0062-T,19/10/2020
4-0063-T,21/10/2020
4-0064,OLD
4-0065-T,31/10/2020
4-0066-T,11/11/2020
4-0067-T,12/11/2020
4-0068-T,14/11/2020
4-0069-T,17/11/2020
4-0070-T,17/11/2020
4-0071-T,28/11/2020
4-0072,OLD
4-0072-T,05/12/2020
4-0073-T,19/12/2020
4-0074,OLD
4-0074-T,19/12/2020
4-0075-T,09/01/2021
4-0076-T,14/01/2021
4-0077-T,15/01/2021
4-0081-T,22/01/2021
4-0082,OLD
4-0082-T,25/01/2021
4-0083-T,25/01/2021
4-0084-T,05/02/2021
4-0085-T,16/02/2021
4-0087-T,25/02/2021
4-0088-T,26/02/2021
4-0089-T,02/03/2021
4-0090-T,02/03/2021
4-0091-T,11/03/2021
4-0092-T,16/03/2021
4-0093-T,19/03/2021
4-0094-T,22/03/2021
4-0095-T,23/03/2021
4-0096-T,31/05/2021
4-0097,OLD
4-0097-T,04/06/2021
4-0098-T,05/06/2021
4-0099,OLD
4-0099-T,09/06/2021
4-0100-T,14/06/2021
4-0101-T,17/06/2021
4-0102-T,02/07/2021
4-0103,OLD
4-0103-T,12/07/2021
4-0104,OLD
4-0104-T,16/07/2021
4-0105-T,27/07/2021
4-0106-T,02/08/2021
4-0107,OLD
4-0107-T,03/08/2021
4-0108-T,05/08/2021
4-0109-T,24/08/2021
4-0110-T,30/08/2021
4-0112-T,14/09/2021
4-0113,OLD
4-0113-T,23/09/2021
4-0114-A,OLD
4-0114-B,OLD
4-0114-T,07/10/2021
4-0115-T,30/11/2021
4-0116-T,04/12/2021
4-0117-T,04/01/2022
4-0118-T,10/01/2022
4-0119-T,25/01/2022
4-0120-T,01/02/2022
4-0121,OLD
4-0121-T,26/02/2022
4-0122,OLD
4-0122-T,28/04/2022
4-0123-T,06/06/2022
4-0124,OLD
4-0124-T,17/06/2022
4-0125,OLD
4-0125-T,22/06/2022
4-0126,OLD
4-0126-T,21/07/2022
4-0127-T,25/07/2022
4-0129-A,OLD
4-0129-B,OLD
4-0129-C,OLD
4-0133,OLD
4-0136,OLD
4-0143,OLD
4-0144,OLD
4-0149,OLD
4-0151,OLD
4-0154,OLD
4-0158,OLD
4-0159,OLD
4-0163,OLD
4-0165,OLD
4-0167,OLD
4-0168,OLD
4-0171,OLD
4-0172,OLD
4-0173,OLD
4-0174,OLD
4-0175,OLD
4-0177,OLD
4-0184,OLD
4-0185,OLD
4-0189,OLD
4-0191,OLD
4-0201,OLD
4-0202,OLD
4-0203-A,OLD
4-0203-B,OLD
4-0205,OLD
4-0214,OLD
4-0215,OLD
4-0216,OLD
4-0218,OLD
4-0222,OLD
4-0223,OLD
4-0232,OLD
4-0233,OLD
4-0235,OLD
4-0236,OLD
4-0238,OLD
4-0242,OLD
4-0245,OLD
4-0246,OLD
4-0248,OLD
4-0252,OLD
4-0253,OLD
4-0255,OLD
4-0259,OLD
4-0262,OLD
4-0266,OLD
4-0270,OLD
4-0271,OLD
4-0273,OLD
4-0275,OLD
4-0282,OLD
4-0284,OLD
4-0286,OLD
4-0290,OLD
4-0291-A,OLD
4-0291-B,OLD
4-0294,OLD
4-0296,OLD
4-0297,OLD
4-0298,OLD
4-0299,OLD
4-0303,OLD
4-0308,OLD
4-0311,OLD
4-0312,OLD
4-0313,OLD
4-0318,OLD
4-0325,OLD
4-0330,OLD
4-0332,09/06/2021
4-0336,OLD
4-0337,OLD
4-0340,OLD
4-0344,OLD
4-0386,OLD
4-0389,OLD
4-0401,OLD
4-0404,OLD
4-0407,OLD
4-0409,OLD
4-0411,OLD
4-0417,OLD
4-0418,OLD
4-0420,OLD
4-0424,OLD
4-0425,OLD
4-0426,OLD
4-0427,OLD
4-0428,OLD
4-0430,OLD
4-0432,OLD
4-0435,OLD
4-0436,OLD
4-0438,OLD
4-0439,OLD
4-0440,OLD
4-0441,OLD
4-0443,OLD
4-0444,OLD
4-0445,OLD
4-0446,OLD
4-0447,OLD
4-0456-T,OLD
4-0457,OLD
4-0458,OLD
4-0461,OLD
4-0464,OLD
4-0466,OLD
4-0467,OLD
4-0469,OLD
4-0471,OLD
4-0473-A,OLD
4-0473-B,OLD
4-0477-B,OLD
4-0480,OLD
4-0482,20/11/2020
4-0483,OLD
4-0484,OLD
4-0485,OLD
4-0489,OLD
4-0490,16/09/2020
4-0492,OLD
4-0498,OLD
4-0500,OLD
4-0503,OLD
4-0504,OLD
4-0505,OLD
4-0507,OLD
4-0508,OLD
4-0509,OLD
4-0510,OLD
4-0513,OLD
4-0515,09/03/2021
4-0516-A,OLD
4-0516-B,OLD
4-0518-A,OLD
4-0518-B,OLD
4-0519-A,OLD
4-0519-B,10/03/2021
4-0520,OLD
4-0521,OLD
4-0522,OLD
4-0523,OLD
4-0524,OLD
4-0525,OLD
4-0527,OLD
4-0528,OLD
4-0529,14/11/2020
4-0531,OLD
4-0537,05/09/2020
4-0539,OLD
4-0541,OLD
4-0542,OLD
4-0543,OLD
4-0544-A,OLD
4-0544-B,OLD
4-0545,OLD
4-0546,OLD
4-0549,OLD
4-0550,OLD
4-0551,OLD
4-0552,OLD
4-0553,OLD
4-0555,OLD
4-0558,OLD
4-0560,OLD
4-0561,OLD
4-0562,OLD
4-0563,OLD
4-0564,OLD
4-0565,OLD
4-0566,OLD
4-0567,OLD
4-0568,OLD
4-0570,OLD
4-0571,OLD
4-0572,OLD
4-0574,OLD
4-0575,OLD
4-0580,OLD
4-0582,OLD
4-0586,OLD
4-0589,OLD
4-0591,OLD
4-0592,OLD
4-0593,OLD
4-0595-A,OLD
4-0595-B,OLD
4-0599,OLD
4-0600,OLD
4-0601,OLD
4-0606,OLD
4-0608,09/07/2020
4-0609,OLD
4-0610,OLD
4-0611,OLD
4-0615,OLD
4-0617,OLD
4-0618,OLD
4-0624,OLD
4-0626,OLD
4-0630,OLD
4-0636,OLD
4-0639,OLD
4-0642,OLD
4-0643,OLD
4-0644,OLD
4-0646,OLD
4-0649-A,OLD
4-0649-B,OLD
4-0652,OLD
4-0656-A,OLD
4-0656-B,27/11/2024
4-0664,OLD
4-0669,OLD
4-0672,OLD
4-0674,27/08/2020
4-0675,OLD
4-0676,OLD
4-0677,OLD
4-0679,OLD
4-0680,10/07/2021
4-0681,OLD
4-0682,OLD
4-0683,OLD
4-0685,OLD
4-0687,27/08/2020
4-0689,OLD
4-0690,OLD
4-0691,OLD
4-0696,OLD
4-0700,OLD
4-0701,OLD
4-0707,OLD
4-0708,OLD
4-0712,OLD
4-0716,OLD
4-0717,OLD
4-0719,OLD
4-0720,OLD
4-0721,OLD
4-0723,OLD
4-0729,OLD
4-0730,OLD
4-0731-B,OLD
4-0731-A,18/05/2024
4-0734,OLD
4-0736,OLD
4-0741,OLD
4-0742,OLD
4-0743,OLD
4-0744,OLD
4-0747,OLD
4-0748,OLD
4-0749,OLD
4-0750,OLD
4-0751,OLD
4-0753,OLD
4-0757,OLD
4-0763,OLD
4-0765,OLD
4-0770,OLD
4-0771,OLD
4-0773,OLD
4-0777,OLD
4-0778,OLD
4-0779,OLD
4-0781,OLD
4-0784,OLD
4-0785,OLD
4-0787,OLD
4-0788,OLD
4-0789,OLD
4-0790,OLD
4-0791,OLD
4-0792,OLD
4-0795,OLD
4-0796,OLD
4-0800,OLD
4-0803,OLD
4-0805,OLD
4-0806,OLD
4-0807,OLD
4-0808,OLD
4-0809,OLD
4-0810,OLD
4-0811,OLD
4-0815,OLD
4-0818,OLD
4-0821,OLD
4-0825,OLD
4-0826,OLD
4-0835,OLD
4-0840,OLD
4-0841,17/06/2022
4-0843,OLD
4-0844,OLD
4-0845,OLD
4-0846,OLD
4-0850,OLD
4-0852,OLD
4-0854,OLD
4-0856,OLD
4-0857,OLD
4-0858,OLD
4-0859,OLD
4-0860,OLD
4-0863,09/03/2021
4-0864,OLD
4-0866,OLD
4-0868,OLD
4-0869-A,OLD
4-0869-B,OLD
4-0869-C,18/02/2022
4-0869-D,07/02/2022
4-0869-E,10/06/2022
4-0870,29/04/2021
4-0871,OLD
4-0872-A,OLD
4-0872-B,OLD
4-0872-C,OLD
4-0873,OLD
4-0875,OLD
4-0877,OLD
4-0878,OLD
4-0879-A,06/03/2021
4-0882,OLD
4-0883,OLD
4-0884,OLD
4-0886,OLD
4-0888,OLD
4-0889,OLD
4-0890,OLD
4-0891,OLD
4-0892,OLD
4-0893,OLD
4-0894,OLD
4-0895-A,OLD
4-0895-B,OLD
4-0897,OLD
4-0899,OLD
4-0900,OLD
4-0901,OLD
4-0903,OLD
4-0904,OLD
4-0905,OLD
4-0906-A,20/07/2022
4-0906-B,04/08/2022
4-0907,OLD
4-0908,OLD
4-0909,OLD
4-0911,31/08/2021
4-0913,OLD
4-0914,OLD
4-0915,OLD
4-0916,OLD
4-0918,OLD
4-0919,OLD
4-0921,OLD
4-0922,OLD
4-0923,OLD
4-0924,OLD
4-0926,OLD
4-0927,01/09/2020
4-0929,OLD
4-0930,OLD
4-0931-A,OLD
4-0933,OLD
4-0934-B,OLD
4-0934-C,OLD
4-0935-A,OLD
4-0935-B,OLD
4-0937-A,OLD
4-0937-C,OLD
4-0938-A,OLD
4-0938-B,OLD
4-0939,07/01/2022
4-0940,OLD
4-0941,OLD
4-0942,02/09/2020
4-0943,01/07/2021
4-0944,OLD
4-0946-B,OLD
4-0947-A,OLD
4-0947-B,OLD
4-0948,OLD
4-0949,OLD
4-0950,OLD
4-0951,OLD
4-0953,OLD
4-0954,26/04/2021
4-0955,OLD
4-0956,OLD
4-0957,OLD
4-0958,OLD
4-0959,OLD
4-0960,OLD
4-0961,OLD
4-0963,OLD
4-0964,OLD
4-0965,OLD
4-0967,OLD
4-0969,OLD
4-0971,OLD
4-0972,OLD
4-0973,OLD
4-0974,OLD
4-0975,OLD
4-0976,OLD
4-0977,OLD
4-0978-A,08/09/2020
4-0978-B,OLD
4-0979,OLD
4-0981-A,OLD
4-0981-B,OLD
4-0982,OLD
4-0983,OLD
4-0984,22/07/2020
4-0985,23/07/2020
4-0987,27/08/2020
4-0988,02/09/2020
4-0989-A,24/09/2020
4-0989-B,30/09/2020
4-0989-C,02/11/2020
4-0990,25/09/2020
4-0991,08/10/2020
4-0992,10/10/2020
4-0993-A,16/10/2020
4-0993-B,20/04/2021
4-0993-C,29/05/2024
4-0993-D,29/05/2024
4-0994,21/10/2020
4-0995-A,28/10/2020
4-0996,07/11/2020
4-0997,09/11/2020
4-0998,12/11/2020
4-0999,11/11/2020
4-1000-A,22/11/2020
4-1000-B,21/09/2024
4-1001,13/11/2020
4-1002,13/11/2020
4-1003,13/11/2020
4-1004,13/11/2020
4-1005,17/11/2020
4-1006,25/11/2020
4-1007,21/11/2020
4-1008,18/12/2020
4-1009,18/12/2020
4-1010,18/12/2020
4-1011,18/12/2020
4-1012,26/12/2020
4-1013,26/12/2020
4-1014,15/01/2021
4-1015-A,16/01/2021
4-1015-B,11/04/2022
4-1016,01/12/2020
4-1017,05/02/2021
4-1018,10/02/2021
4-1019,06/02/2021
4-1021,15/02/2021
4-1022,16/02/2021
4-1023,16/02/2021
4-1024,19/02/2021
4-1025,19/02/2021
4-1026-A,19/02/2021
4-1026-B,15/11/2021
4-1026-c,16/03/2024
4-1029-A,01/03/2021
4-1029-B,10/03/2021
4-1030-A,10/03/2021
4-1030-B,10/03/2021
4-1031-A,22/03/2021
4-1031-B,05/04/2021
4-1034,10/04/2021
4-1036,20/04/2021
4-1037-A,08/05/2021
4-1037-B,29/07/2021
4-1038-A,17/05/2021
4-1038-B,29/05/2021
4-1038-C,16/03/2024
4-1039,24/05/2021
4-1040,24/05/2021
4-1041,29/05/2021
4-1042,29/05/2021
4-1044,29/05/2021
4-1045-A,29/05/2021
4-1045-B,29/05/2021
4-1046,Market
4-1048,29/05/2021
4-1049,Market
4-1050,Market
4-1051,Market
4-1052,Market
4-1054,12/06/2021
4-1055-A,03/07/2021
4-1055-B,03/07/2021
4-1055-C,03/07/2021
4-1055-D,03/07/2021
4-1056,03/07/2021
4-1057-A,03/07/2021
4-1057-B,03/07/2021
4-1057-C,03/07/2021
4-1057-D,09/07/2021
4-1058-A,03/07/2021
4-1058-B,03/07/2021
4-1058-C,03/07/2021
4-1059-A,03/07/2021
4-1059-B,03/07/2021
4-1059-C,03/07/2021
4-1059-D,29/05/2021
4-1060-A,03/07/2021
4-1060-B,03/07/2021
4-1061-A,03/07/2021
4-1061-B,03/07/2021
4-1061-C,03/07/2021
4-1062,03/07/2021
4-1063-A,06/07/2021
4-1063-B,11/08/2021
4-1065,Market
4-1066,Market
4-1067,Market
4-1068,Was Order
4-1069,Market
4-1070,31/07/2021
4-1073,09/08/2021
4-1074,09/08/2021
4-1075,11/08/2021
4-1076,11/08/2021
4-1077,12/08/2021
4-1078,20/08/2021
4-1079,26/08/2021
4-1080,30/08/2021
4-1081,30/08/2021
4-1084,01/10/2021
4-1090-A,05/04/2022
4-1090-B,18/11/2021
4-1091-A,19/11/2021
4-1091-B,19/11/2021
4-1092,19/10/2021
4-1093,02/12/2021
4-1094,22/12/2021
4-1095-A,24/12/2021
4-1095-B,26/01/2022
4-1096,06/01/2022
4-1097,06/01/2022
4-1098-A,26/01/2022
4-1098-B,26/01/2022
4-1099,26/01/2022
4-1100-A,27/01/2022
4-1100-B,05/02/2022
4-1101,03/02/2022
4-1102-A,31/03/2022
4-1102-B,18/01/2022
4-1103,26/02/2022
4-1104-A,17/03/2022
4-1104-B,17/03/2022
4-1104-C,17/03/2022
4-1105-A,17/03/2022
4-1105-B,17/03/2022
4-1106-A,17/03/2022
4-1106-B,17/03/2022
4-1106-C,18/03/2022
4-1107,17/03/2022
4-1108,22/03/2022
4-1109-A,11/04/2022
4-1109-B,11/04/2022
4-1110-A,16/04/2022
4-1110-B,16/04/2022
4-1110-C,16/04/2022
4-1111,16/04/2022
4-1112,16/04/2022
4-1113,16/04/2022
4-1114,16/04/2022
4-1115-A,19/04/2022
4-1115-B,19/04/2022
4-1116-A,23/04/2022
4-1116-B,23/04/2022
4-1117,25/04/2022
4-1118,25/04/2022
4-1119,30/04/2022
4-1120,30/04/2022
4-1121,30/04/2022
4-1122,30/04/2022
4-1123,30/04/2022
4-1124,30/04/2022
4-1125,30/04/2022
4-1126,28/06/2022
4-1127,28/06/2022
4-1128,28/06/2022
4-1129,08/07/2022
4-1130,22/07/2022
4-1131,17/08/2022
4-1132,Market
4-1133,Market
4-1134,22/09/2022
4-1135,TURKISH
4-1135-A,TURKISH
4-1135-B,TURKISH
4-1136-A,TURKISH
4-1136-B,TURKISH
4-1136-C,TURKISH
4-1137,TURKISH
4-1138,TURKISH
4-1139,TURKISH
4-1140,TURKISH
4-1141,TURKISH
4-1142,TURKISH
4-1143,TURKISH
4-1144,TURKISH
4-1145,TURKISH
4-1146-A,TURKISH
4-1146-B,TURKISH
4-1146-C,14/11/2024
4-1147-A,TURKISH
4-1147-B,TURKISH
4-1148-A,TURKISH
4-1148-B,TURKISH
4-1149-A,Turkish Sankari
4-1149-B,Turkish Sankari
4-1150,TURKISH
4-1151,TURKISH
4-1152,TURKISH
4-1153,TURKISH
4-1154,01/11/2022
4-1155,29/12/2022
4-1156,Was Order
4-1157,Market
4-1158,Market
4-1159,Market
4-1160,Market
4-1161,20/02/2023
4-1162,07/03/2023
4-1163-A,14/03/2023
4-1163-B,14/03/2023
4-1164,20/03/2023
4-1165,24/03/2023
4-1166,Market
4-1167,Market
4-1168,Market
4-1169,Market
4-1170,Market
4-1171,Market
4-1172,03/06/2023
4-1173,03/06/2023
4-1174,17/06/2023
4-1175,France
4-1176,France
4-1177,France
4-1178,France
4-1179,Was Order
4-1180,29/07/2023
4-1181,29/07/2023
4-1182,29/07/2023
4-1183,01/08/2023
4-1184-A,22/08/2023
4-1184-B,22/08/2023
4-1185-A,23/08/2023
4-1185-B,23/08/2023
4-1185-C,23/08/2023
4-1186,Market
4-1187,Market
4-1188,France
4-1189,France
4-1190,13/10/2023
4-1191,France
4-1192,France
4-1193,Turkish Imseeh
4-1194,Turkish Imseeh
4-1195,Turkish Imseeh
4-1196,Turkish Imseeh
4-1197,Turkish Imseeh
4-1198,Turkish Imseeh
4-1199,Turkish Imseeh
4-1200,Turkish Imseeh
4-1201,Turkish Imseeh
4-1202,Turkish Imseeh
4-1203,Turkish Imseeh
4-1204,Turkish Imseeh
4-1205,Market
4-1206-A,28/10/2024
4-1206-B,28/10/2024
4-1207,Turkish Sankari
4-1208,Turkish Sankari
4-1209,Turkish Sankari
4-1210,Turkish Sankari
4-1211,Turkish Sankari
4-1212-A,Turkish Sankari
4-1213-A,Turkish Sankari
4-1213-B,Turkish Sankari
4-1215,Turkish Sankari
4-1216,Turkish Sankari
4-1217,Turkish Sankari
4-1218,Turkish Sankari
4-1219,Turkish Sankari
4-1220,Turkish Imseeh
4-1221,France
4-1222-A,15/11/2023
4-1222-B,15/11/2023
4-1222-C,15/11/2023
4-1222-D,15/11/2023
4-1223,Market
4-1224,Market
4-1225,Market
4-1226,23/12/2023
4-1227,Was Order
4-1228,Market
4-1229,22/01/2024
4-1230,France
4-1231,Market
4-1232,Market
4-1233,Was Order
4-1234,Market
4-1235-A,31/01/2024
4-1235-B,31/01/2024
4-1236,Market
4-1237,France
4-1238,16/03/2024
4-1239,France
4-1240,22/05/2024
4-1241,Market
4-1242,France
4-1243,Market
4-1244,France
4-1245,France
4-1246,France
4-1247,France
4-1248,15/05/2024
4-1249,16/05/2024
4-1250,23/05/2024
4-1251,23/05/2024
4-1252-A,29/05/2024
4-1252-B,29/05/2024
4-1253,30/05/2024
4-1254,Market
4-1255,Market
4-1256,Market
4-1257,31/01/2024
4-1258-A,31/01/2024
4-1258-B,31/01/2024
4-1259,11/07/2024
4-1260,11/07/2024
4-1261,23/07/2024
4-1262,24/07/2024
4-1263,Turkish Imseeh
4-1264,Turkish Imseeh
4-1265,Turkish Imseeh
4-1266,Turkish Imseeh
4-1267,Turkish Imseeh
4-1268,Turkish Imseeh
4-1269,Turkish Imseeh
4-1270,Turkish Imseeh
4-1271,Turkish Imseeh
4-1272,21/09/2024
4-1273,06/08/2024
4-1274,Market
4-1275,Market
4-1276,Market
4-1277,Market
4-1278,Market
4-1279,Market
4-1280,Market
4-1281,Market
4-1282,21/09/2024
4-1283,24/09/2024
4-1284,24/09/2024
4-1285,24/09/2024
4-1286-A,24/09/2024
4-1286-B,24/09/2024
4-1287-A,24/09/2024
4-1287-B,24/09/2024
4-1288-A,24/09/2024
4-1288-B,24/09/2024
4-1289,France
4-1290,27/09/2024
4-1291,Market
4-1292-A,09/10/2024
4-1292-B,09/10/2024
4-1293,Turkish Meşe
4-1294,Turkish Meşe
4-1295-a,Turkish Meşe
4-1295-b,Turkish Meşe
4-1295-c,Turkish Meşe
4-1296-a,Turkish Meşe
4-1296-b,Turkish Meşe
4-1296-c,Turkish Meşe
4-1297-a,Turkish Meşe
4-1297-b,Turkish Meşe
4-1298,Turkish Meşe
4-1299,Turkish Meşe
4-1300,Turkish Meşe
4-1301,Turkish Meşe
4-1302,Turkish Meşe
4-1303,Turkish Meşe
4-1304,Turkish Meşe
4-1305,Turkish Meşe
4-1306-a,Turkish Meşe
4-1306-b,Turkish Meşe
4-1307,Turkish Meşe
4-1308,Turkish Meşe
4-1309,Turkish Meşe
4-1310,Turkish Meşe
4-1311,Turkish Meşe
4-1312,Turkish Meşe
4-1313,Turkish Meşe
4-1314,Turkish Meşe
4-1315,Turkish Meşe
4-1316-a,Turkish Meşe
4-1316-b,Turkish Meşe
4-1317,Turkish Meşe
4-1318-a,Turkish Meşe
4-1318-b,Turkish Meşe
4-1319-a,Turkish Meşe
4-1319-b,Turkish Meşe
4-1319-c,Turkish Meşe
4-1320-a,21/11/2024
4-1320-b,Turkish Meşe
4-1320-c,21/11/2024
4-1320-d,21/11/2024
4-1320-e,Turkish Meşe
4-1321,Turkish Meşe
4-1322,Turkish Meşe
4-1323,Market
4-1324,Market
4-1325,Market
4-1326,14/11/2024
4-1327,Market
4-1328,Market
4-1329,Market
5-0000,07/01/2021
5-0000-T,20/08/2020
5-0014-A,OLD
5-0014-B,OLD
5-0015,OLD
5-0017,OLD
5-0019,OLD
5-0037,OLD
5-0038,OLD
5-0039,OLD
5-0040,OLD
5-0043,OLD
5-0047,OLD
5-0049,OLD
5-0073,OLD
5-0089,OLD
5-0099,OLD
5-0115,OLD
5-0116,OLD
5-0117,OLD
5-0118,OLD
5-0120-A,OLD
5-0120-B,OLD
5-0121,OLD
5-0122,OLD
5-0123,OLD
5-0124,OLD
5-0125,OLD
5-0133,23/10/2021
5-0138,OLD
5-0142-T,01/12/2020
5-0150,OLD
5-0173,OLD
5-0219,OLD
5-0226,OLD
5-0231,OLD
5-0243,OLD
5-0244,OLD
5-0246,OLD
5-0247,OLD
5-0249-T,OLD
5-0253,OLD
5-0255,OLD
5-0264,OLD
5-0265-T,OLD
5-0266-T,OLD
5-0267-T,OLD
5-0270-T,24/07/2020
5-0271-T,OLD
5-0272-t,OLD
5-0273,OLD
5-0274-t,OLD
5-0275-t,OLD
5-0276-t,OLD
5-0277,OLD
5-0277-t,OLD
5-0278-T,OLD
5-0279,OLD
5-0279-T,OLD
5-0280-A,OLD
5-0280-b,OLD
5-0280-T,OLD
5-0281-t,OLD
5-0282-T,OLD
5-0283-T,OLD
5-0284,OLD
5-0284-T,OLD
5-0285-T,OLD
5-0286-T,OLD
5-0287-T,OLD
5-0288-T,OLD
5-0289,OLD
5-0289-T,OLD
5-0290-T,OLD
5-0291,OLD
5-0291-T,OLD
5-0292-T,OLD
5-0293-T,OLD
5-0294-T,OLD
5-0295-T,OLD
5-0296-T,OLD
5-0297-T,OLD
5-0298-T,OLD
5-0299-T,OLD
5-0300-T,OLD
5-0301-T,OLD
5-0302-T,OLD
5-0303-T,09/07/2020
5-0305-T,OLD
5-0306-T,17/07/2020
5-0307,OLD
5-0307-T,OLD
5-0308,OLD
5-0308-T,OLD
5-0309-T,OLD
5-0310-T,21/07/2020
5-0311,OLD
5-0311-T,OLD
5-0312-T,OLD
5-0313-T,22/07/2020
5-0315-T,16/07/2020
5-0316,23/07/2020
5-0317,23/07/2020
5-0318-T,25/07/2020
5-0319-T,25/07/2020
5-0320-T,25/07/2020
5-0321-T,25/07/2020
5-0322-T,25/07/2020
5-0323-T,25/07/2020
5-0324-T,25/07/2020
5-0325-T,25/07/2020
5-0326-T,25/07/2020
5-0327-T,OLD
5-0329-T,OLD
5-0330,OLD
5-0331-T,29/07/2020
5-0332-T,OLD
5-0333-t,OLD
5-0335-t,OLD
5-0336-T,OLD
5-0337-T,11/08/2020
5-0338-T,15/08/2020
5-0339-T,15/08/2020
5-0340-T,15/08/2020
5-0341-T,15/08/2020
5-0342-T,15/08/2020
5-0343-T,15/08/2020
5-0344-T,15/08/2020
5-0345-T,OLD
5-0347-T,14/08/2020
5-0348,OLD
5-0348-T,24/08/2020
5-0349,OLD
5-0349-T,24/08/2020
5-0350-T,24/08/2020
5-0351,OLD
5-0351-T,24/08/2020
5-0352-T,25/08/2020
5-0353-T,26/08/2020
5-0354-T,31/08/2020
5-0355-T,29/08/2020
5-0356-T,31/08/2020
5-0357-T,02/09/2020
5-0358-T,03/09/2020
5-0359-T,04/09/2020
5-0360-T,07/09/2020
5-0361-T,08/09/2020
5-0362-T,13/09/2020
5-0363-T,13/09/2020
5-0364-T,12/09/2020
5-0365-T,12/09/2020
5-0366-T,12/09/2020
5-0367-T,14/09/2020
5-0368-T,17/09/2020
5-0369-T,17/09/2020
5-0370-T,17/09/2020
5-0371-T,18/09/2020
5-0372-T,19/09/2020
5-0373-T,23/09/2020
5-0374-T,23/09/2020
5-0375-T,25/09/2020
5-0376-T,28/09/2020
5-0377-T,29/09/2020
5-0378-T,29/09/2020
5-0379,OLD
5-0379-T,30/09/2020
5-0380-T,30/09/2020
5-0381-T,30/09/2020
5-0382-T,01/10/2020
5-0383-T,02/10/2020
5-0384-T,02/10/2020
5-0385-T,28/10/2020
5-0386-T,03/10/2020
5-0387-T,05/10/2020
5-0388,OLD
5-0388-T,06/10/2020
5-0389-T,07/10/2020
5-0390,OLD
5-0390-T,07/10/2020
5-0391-T,14/10/2020
5-0392-T,13/10/2020
5-0393,OLD
5-0393-T,14/10/2020
5-0394-T,14/10/2020
5-0395,OLD
5-0395-T,15/10/2020
5-0396-T,15/10/2020
5-0397-T,15/10/2020
5-0398-T,21/10/2020
5-0399-T,22/10/2020
5-0400-T,23/10/2020
5-0401-T,23/10/2020
5-0402-T,23/10/2020
5-0403-T,27/10/2020
5-0404-T,29/10/2020
5-0405,OLD
5-0405-T,30/10/2020
5-0407-T,05/11/2020
5-0408-T,06/11/2020
5-0409-T,09/11/2020
5-0410-T,OLD
5-0411-T,12/11/2020
5-0412-T,18/11/2020
5-0413-T,19/11/2020
5-0414-T,22/11/2020
5-0415-T,24/11/2020
5-0416-T,25/11/2020
5-0417-T,27/11/2020
5-0418,OLD
5-0419-T,30/11/2020
5-0420-T,02/12/2020
5-0421-T,03/12/2020
5-0422-T,03/12/2020
5-0423-T,03/12/2020
5-0424-T,03/12/2020
5-0425-T,04/12/2020
5-0426-T,05/12/2020
5-0427-T,OLD
5-0428-T,10/12/2020
5-0429-T,15/12/2020
5-0430-T,15/12/2020
5-0431-T,16/12/2020
5-0432-T,18/12/2020
5-0433-T,18/12/2020
5-0434,OLD
5-0434-T,22/12/2020
5-0435-T,23/12/2020
5-0436-T,26/12/2020
5-0437-T,25/12/2020
5-0438-T,30/12/2020
5-0439-T,31/12/2020
5-0440-T,31/12/2020
5-0441,OLD
5-0441-T,31/12/2020
5-0442-T,31/12/2020
5-0443,19/02/2022
5-0443-T,02/01/2021
5-0444,OLD
5-0444-T,05/01/2021
5-0445-T,05/01/2021
5-0446-T,06/01/2021
5-0447-T,07/01/2021
5-0448-T,12/01/2021
5-0449-T,14/01/2021
5-0450-T,14/01/2021
5-0451,OLD
5-0451-T,15/01/2021
5-0452-T,19/01/2021
5-0453-T,22/01/2021
5-0454-T,22/01/2021
5-0456-T,03/02/2021
5-0457-T,18/02/2021
5-0458-T,09/02/2021
5-0460-T,13/02/2021
5-0461-T,16/02/2021
5-0462-T,17/02/2021
5-0463,OLD
5-0463-T,17/02/2021
5-0464-T,22/02/2021
5-0465-T,23/02/2021
5-0466-T,01/03/2021
5-0467-T,03/03/2021
5-0468-T,04/03/2021
5-0469-T,04/03/2021
5-0470-T,04/03/2021
5-0471-T,05/03/2021
5-0472-T,05/03/2021
5-0473-T,05/03/2021
5-0474-T,09/03/2021
5-0475-T,09/03/2021
5-0476-T,09/03/2021
5-0477-T,11/03/2021
5-0478-T,16/03/2021
5-0479-T,15/03/2021
5-0480-T,16/03/2021
5-0481,OLD
5-0481-T,17/03/2021
5-0482-T,18/03/2021
5-0483-T,18/03/2021
5-0485-T,24/03/2021
5-0486-T,24/03/2021
5-0487-T,25/03/2021
5-0489,OLD
5-0489-T,29/03/2021
5-0490-T,30/03/2021
5-0491-T,01/04/2021
5-0493,OLD
5-0493-T,05/04/2021
5-0494-T,08/04/2021
5-0495-T,08/04/2021
5-0496-T,01/05/2021
5-0497,OLD
5-0497-T,13/04/2021
5-0498-T,13/04/2021
5-0499-T,14/04/2021
5-0500-T,14/04/2021
5-0502,OLD
5-0502-T,06/05/2021
5-0504-T,08/05/2021
5-0505-T,11/05/2021
5-0506-T,11/05/2021
5-0507-T,20/05/2021
5-0508-T,22/05/2021
5-0509-T,24/05/2021
5-0510-T,24/05/2021
5-0511-T,26/05/2021
5-0512-T,27/05/2021
5-0513-T,28/05/2021
5-0514-T,29/05/2021
5-0515-T,01/06/2021
5-0516-T,01/06/2021
5-0517-T,01/06/2021
5-0518-T,01/06/2021
5-0519-T,01/06/2021
5-0521-T,08/06/2021
5-0522-T,08/06/2021
5-0523,OLD
5-0523-T,09/06/2021
5-0524-T,10/06/2021
5-0525-T,12/06/2021
5-0526-T,12/06/2021
5-0527-T,16/06/2021
5-0528-T,16/06/2021
5-0529-T,17/06/2021
5-0530-T,22/06/2021
5-0531-T,22/06/2021
5-0532-T,26/06/2021
5-0533,OLD
5-0533-T,29/06/2021
5-0534,OLD
5-0534-T,29/06/2021
5-0535,OLD
5-0535-T,30/06/2021
5-0536-T,30/06/2021
5-0537,OLD
5-0537-T,01/07/2021
5-0538-T,02/07/2021
5-0539-T,02/07/2021
5-0540-T,02/07/2021
5-0541-T,03/07/2021
5-0542,OLD
5-0542-T,07/07/2021
5-0543-T,10/07/2021
5-0544-T,13/07/2021
5-0545-T,13/07/2021
5-0546-T,14/07/2021
5-0547,Italian
5-0547-T,15/07/2021
5-0548-T,28/07/2021
5-0549-T,28/07/2021
5-0550-T,28/07/2021
5-0551-T,30/07/2021
5-0552-T,30/07/2021
5-0553-T,30/07/2021
5-0554-T,03/08/2021
5-0555-T,03/08/2021
5-0556-T,03/08/2021
5-0557-T,03/08/2021
5-0558,OLD
5-0558-T,04/08/2021
5-0559-T,10/08/2021
5-0560,Italian
5-0560-T,05/08/2021
5-0561-T,09/08/2021
5-0562-T,10/08/2021
5-0563,OLD
5-0563-T,11/08/2021
5-0564-T,11/08/2021
5-0565-T,13/08/2021
5-0566-T,13/08/2021
5-0567-T,19/08/2021
5-0568-T,19/08/2021
5-0569-T,20/08/2021
5-0570-T,21/08/2021
5-0571-T,21/08/2021
5-0572,OLD
5-0572-T,24/08/2021
5-0573-T,24/08/2021
5-0574-T,27/08/2021
5-0575-T,31/08/2021
5-0576-T,03/09/2021
5-0577-T,06/09/2021
5-0578-T,07/09/2021
5-0579-T,07/09/2021
5-0580-T,07/09/2021
5-0581-T,07/09/2021
5-0582-T,08/09/2021
5-0583-T,13/09/2021
5-0584-T,14/09/2021
5-0585-T,14/09/2021
5-0586-T,17/09/2021
5-0587-T,18/09/2021
5-0588-T,18/09/2021
5-0589-T,18/09/2021
5-0590-T,18/09/2021
5-0591,OLD
5-0591-T,21/09/2021
5-0592-T,22/09/2021
5-0593-T,23/09/2021
5-0594,OLD
5-0594-T,28/09/2021
5-0595,OLD
5-0595-T,24/09/2021
5-0596,OLD
5-0596-T,28/09/2021
5-0597-T,04/10/2021
5-0598-T,05/10/2021
5-0599-T,06/10/2021
5-0600,OLD
5-0601,OLD
5-0601-T,13/10/2021
5-0602-T,16/10/2021
5-0605-T,18/10/2021
5-0606,OLD
5-0606-T,19/10/2021
5-0607-T,19/10/2021
5-0608-T,19/10/2021
5-0609,OLD
5-0609-T,20/10/2021
5-0610,OLD
5-0610-T,20/10/2021
5-0611,OLD
5-0611-T,20/10/2021
5-0613-T,25/10/2021
5-0614-T,28/10/2021
5-0615-T,30/10/2021
5-0616-T,02/11/2021
5-0617-T,02/11/2021
5-0618-T,02/11/2021
5-0619,OLD
5-0619-T,08/11/2021
5-0620-T,09/11/2021
5-0621-T,10/11/2021
5-0622,OLD
5-0622-T,11/11/2021
5-0623,OLD
5-0623-T,16/11/2021
5-0624-b,OLD
5-0624-T,17/11/2021
5-0625-T,17/11/2021
5-0626-T,17/11/2021
5-0628-T,22/11/2021
5-0629-T,24/11/2021
5-0630-T,30/11/2021
5-0631-T,11/12/2021
5-0632-T,02/12/2021
5-0633-T,07/12/2021
5-0634-T,09/12/2021
5-0635-T,11/12/2021
5-0636-T,14/12/2021
5-0637-T,15/12/2021
5-0638-T,15/12/2021
5-0639-T,15/12/2021
5-0640-T,15/12/2021
5-0641,OLD
5-0641-T,17/12/2021
5-0642-T,17/12/2021
5-0643-T,21/12/2021
5-0644-T,24/12/2021
5-0645-T,27/12/2021
5-0646-T,27/12/2021
5-0647-T,28/12/2021
5-0648,OLD
5-0648-T,29/12/2021
5-0649-T,03/01/2022
5-0650-T,03/01/2022
5-0651,OLD
5-0651-T,04/01/2022
5-0652,OLD
5-0652-T,04/01/2022
5-0653,OLD
5-0653-T,04/01/2022
5-0654,OLD
5-0654-T,06/01/2022
5-0655-T,06/01/2022
5-0656-T,07/01/2022
5-0657-T,10/01/2022
5-0658-T,10/01/2022
5-0659-T,10/01/2022
5-0660-T,11/01/2022
5-0661,OLD
5-0661-T,12/01/2022
5-0662-T,12/01/2022
5-0663,OLD
5-0663-T,14/01/2022
5-0664,OLD
5-0664-T,17/01/2022
5-0665,OLD
5-0665-T,17/01/2022
5-0666-T,17/01/2022
5-0667,OLD
5-0667-T,18/01/2022
5-0668,OLD
5-0668-T,21/01/2022
5-0669-T,27/01/2022
5-0670-T,01/02/2022
5-0671-T,01/02/2022
5-0672,OLD
5-0672-T,02/02/2022
5-0673-T,04/02/2022
5-0674-T,08/02/2022
5-0676-T,10/02/2022
5-0677-T,16/02/2022
5-0678,OLD
5-0678-T,18/02/2022
5-0679-T,23/02/2022
5-0680-T,23/02/2022
5-0681-T,26/02/2022
5-0682,OLD
5-0682-T,28/02/2022
5-0683-T,01/03/2022
5-0684,OLD
5-0684-T,04/03/2022
5-0685,OLD
5-0685-T,04/03/2022
5-0686-T,04/03/2022
5-0687-T,07/03/2022
5-0688-T,09/03/2022
5-0689-T,12/03/2022
5-0690-T,15/03/2022
5-0691,OLD
5-0691-T,15/03/2022
5-0692-T,16/03/2022
5-0693-T,22/03/2022
5-0694-T,22/03/2022
5-0695-T,22/03/2022
5-0696-T,22/03/2022
5-0697-T,22/03/2022
5-0698-T,22/03/2022
5-0699-T,24/03/2022
5-0700-T,26/03/2022
5-0701-T,28/03/2022
5-0702-T,31/03/2022
5-0703-T,01/04/2022
5-0704-T,11/04/2022
5-0705-T,19/04/2022
5-0706-T,21/04/2022
5-0707-T,27/04/2022
5-0708,OLD
5-0708-T,28/04/2022
5-0709-T,09/05/2022
5-0710-T,09/05/2022
5-0711-T,11/05/2022
5-0712-T,16/05/2022
5-0713-T,21/05/2022
5-0714-T,30/05/2022
5-0715-T,06/06/2022
5-0716,OLD
5-0716-T,06/06/2022
5-0718,OLD
5-0718-T,09/06/2022
5-0719-T,09/06/2022
5-0720-T,14/06/2022
5-0721,OLD
5-0721-T,14/06/2022
5-0722-T,14/06/2022
5-0723-T,15/06/2022
5-0724,OLD
5-0724-T,16/06/2022
5-0725-T,16/06/2022
5-0726,OLD
5-0726-T,17/06/2022
5-0727,OLD
5-0728-T,21/06/2022
5-0729-T,21/06/2022
5-0730-T,21/06/2022
5-0731-T,23/06/2022
5-0732-T,23/06/2022
5-0733-T,24/06/2022
5-0734-T,24/06/2022
5-0735-T,24/06/2022
5-0736,OLD
5-0736-T,24/06/2022
5-0737-T,27/06/2022
5-0738-T,28/06/2022
5-0739,OLD
5-0739-T,29/06/2022
5-0740,OLD
5-0740-T,30/06/2022
5-0741-T,30/06/2022
5-0742-T,02/07/2022
5-0743-T,05/07/2022
5-0744-T,06/07/2022
5-0745-T,06/07/2022
5-0746-T,06/07/2022
5-0747,OLD
5-0747-T,06/07/2022
5-0748-T,07/07/2022
5-0749-T,18/07/2022
5-0750-T,18/07/2022
5-0751-T,18/07/2022
5-0752,OLD
5-0752-T,18/07/2022
5-0753,OLD
5-0753-T,20/07/2022
5-0754-T,21/07/2022
5-0755-T,21/07/2022
5-0756,23/07/2020
5-0756-T,21/07/2022
5-0766,OLD
5-0767,OLD
5-0781,OLD
5-0785,OLD
5-0787,OLD
5-0803,OLD
5-0820-A,OLD
5-0820-B,OLD
5-0822-A,OLD
5-0822-B,OLD
5-0823-A,OLD
5-0823-B,OLD
5-0824,OLD
5-0827,OLD
5-0828,OLD
5-0829,OLD
5-0831,OLD
5-0832,OLD
5-0833,OLD
5-0837,OLD
5-0840,OLD
5-0842,OLD
5-0843,OLD
5-0844,OLD
5-0854,OLD
5-0870,OLD
5-0871,OLD
5-0874,OLD
5-0877,OLD
5-0878-A,OLD
5-0878-B,OLD
5-0880,OLD
5-0881,OLD
5-0882-B,OLD
5-0883,OLD
5-0886,OLD
5-0888,OLD
5-0889,OLD
5-0891,OLD
5-0892,OLD
5-0893,OLD
5-0894,OLD
5-0899,OLD
5-0900,OLD
5-0902,OLD
5-0904,28/05/2021
5-0905,OLD
5-0914,OLD
5-0931-A,OLD
5-0931-B,OLD
5-0932,OLD
5-0933,OLD
5-0935,OLD
5-0936-A,OLD
5-0941,OLD
5-0943,OLD
5-0947,OLD
5-0949-A,OLD
5-0949-B,OLD
5-0957,OLD
5-0961,OLD
5-0969,OLD
5-0976,OLD
5-0986,OLD
5-0987,OLD
5-0991,OLD
5-0994,OLD
5-0995,OLD
5-0996,OLD
5-0997,OLD
5-0998,OLD
5-1000,OLD
5-1001,OLD
5-1005,OLD
5-1007,OLD
5-1008,OLD
5-1014,OLD
5-1020,OLD
5-1030,OLD
5-1032,OLD
5-1037,OLD
5-1039,OLD
5-1048,OLD
5-1050,OLD
5-1051,29/07/2020
5-1053,OLD
5-1054,OLD
5-1056,08/06/2021
5-1059,OLD
5-1060,18/11/2022
5-1061,OLD
5-1064,OLD
5-1065,OLD
5-1066-A,OLD
5-1066-B,OLD
5-1067,OLD
5-1068,OLD
5-1069,OLD
5-1070,OLD
5-1073,OLD
5-1074,11/09/2020
5-1078-A,OLD
5-1078-B,OLD
5-1080,OLD
5-1082,OLD
5-1083-A,OLD
5-1083-B,OLD
5-1085,OLD
5-1086,OLD
5-1088-A,OLD
5-1092,OLD
5-1097,OLD
5-1099,OLD
5-1104,OLD
5-1106,OLD
5-1108,OLD
5-1116,OLD
5-1117,13/07/2024
5-1118,OLD
5-1129,OLD
5-1130,16/09/2020
5-1132,OLD
5-1137-A,OLD
5-1137-B,OLD
5-1138,OLD
5-1141,OLD
5-1142,OLD
5-1153-B,OLD
5-1154,OLD
5-1158,OLD
5-1159,OLD
5-1160,OLD
5-1163,OLD
5-1164,OLD
5-1165,OLD
5-1171,OLD
5-1173,OLD
5-1174,OLD
5-1181,OLD
5-1182,08/09/2020
5-1185,OLD
5-1189,23/07/2020
5-1191,OLD
5-1194,OLD
5-1195,OLD
5-1200,Market
5-1201,OLD
5-1203,OLD
5-1204,OLD
5-1205,OLD
5-1206,OLD
5-1207,OLD
5-1208,OLD
5-1209,OLD
5-1210,12/01/2022
5-1211,OLD
5-1212,OLD
5-1213,22/08/2024
5-1214,OLD
5-1215-B,OLD
5-1216,OLD
5-1223,OLD
5-1226,OLD
5-1227,OLD
5-1228,OLD
5-1229,OLD
5-1231,OLD
5-1232,OLD
5-1236,OLD
5-1238,OLD
5-1239,OLD
5-1240,OLD
5-1241,OLD
5-1244,OLD
5-1245,15/11/2021
5-1247,OLD
5-1248,OLD
5-1250,OLD
5-1252,OLD
5-1254-A,01/10/2020
5-1254-B,OLD
5-1255,OLD
5-1258,OLD
5-1261,OLD
5-1263,OLD
5-1265,OLD
5-1272-A,02/12/2021
5-1272-B,02/12/2021
5-1272-C,02/12/2021
5-1276,OLD
5-1279,OLD
5-1280,OLD
5-1281,OLD
5-1282,OLD
5-1283-A,OLD
5-1283-B,OLD
5-1284,OLD
5-1285,OLD
5-1289,OLD
5-1290,OLD
5-1291,OLD
5-1293,OLD
5-1296,OLD
5-1297,OLD
5-1298,OLD
5-1300,OLD
5-1305,OLD
5-1306,OLD
5-1309,OLD
5-1312,OLD
5-1314,OLD
5-1319,OLD
5-1320,OLD
5-1322,OLD
5-1323,22/08/2024
5-1331-A,OLD
5-1331-B,09/07/2024
5-1332,OLD
5-1333,OLD
5-1334,OLD
5-1337,OLD
5-1338-A,08/01/2022
5-1338-B,12/11/2021
5-1338-C,17/01/2023
5-1339,OLD
5-1340,OLD
5-1341,OLD
5-1342,OLD
5-1343,OLD
5-1345,OLD
5-1348,OLD
5-1353,OLD
5-1356,OLD
5-1359,OLD
5-1364,29/05/2021
5-1365,OLD
5-1366,OLD
5-1369,OLD
5-1370,OLD
5-1377,OLD
5-1378,25/08/2020
5-1380,OLD
5-1382,OLD
5-1383,OLD
5-1384,OLD
5-1388,OLD
5-1394,OLD
5-1396,OLD
5-1397-A,OLD
5-1397-B,OLD
5-1400,03/06/2021
5-1401,OLD
5-1407,OLD
5-1408,OLD
5-1409,OLD
5-1411,OLD
5-1412,OLD
5-1414,OLD
5-1415,OLD
5-1416,OLD
5-1417,OLD
5-1418,OLD
5-1419,OLD
5-1421,OLD
5-1422,OLD
5-1423-a,OLD
5-1423-b,OLD
5-1423-c,OLD
5-1424,OLD
5-1425,OLD
5-1426,OLD
5-1429-A,OLD
5-1429-B,OLD
5-1429-C,OLD
5-1431,OLD
5-1433-A,OLD
5-1433-B,24/02/2021
5-1435,OLD
5-1436,OLD
5-1439,OLD
5-1440,OLD
5-1441,OLD
5-1442,OLD
5-1443,OLD
5-1444,OLD
5-1446,OLD
5-1448-A,OLD
5-1448-b,OLD
5-1448-C,OLD
5-1449-A,OLD
5-1449-B,13/09/2022
5-1450-A,OLD
5-1450-B,OLD
5-1450-C,06/02/2021
5-1452,OLD
5-1453,OLD
5-1456,OLD
5-1457,28/07/2020
5-1460,OLD
5-1461-A,09/12/2020
5-1461-B,26/01/2022
5-1462,OLD
5-1463,OLD
5-1464,OLD
5-1465,OLD
5-1467,OLD
5-1468,OLD
5-1469,OLD
5-1470,OLD
5-1471,OLD
5-1472,OLD
5-1473-A,OLD
5-1473-B,OLD
5-1473-C,OLD
5-1474,OLD
5-1477-A,OLD
5-1477-B,OLD
5-1477-D,OLD
5-1477-E,OLD
5-1478-A,OLD
5-1478-B,30/09/2022
5-1479-A,OLD
5-1479-B,OLD
5-1480,OLD
5-1481,OLD
5-1482-A,OLD
5-1482-B,OLD
5-1484,OLD
5-1486,OLD
5-1487,OLD
5-1488,OLD
5-1489-A,OLD
5-1489-B,OLD
5-1490,OLD
5-1491,OLD
5-1492,OLD
5-1493,OLD
5-1494,OLD
5-1495-A,OLD
5-1495-B,OLD
5-1498,OLD
5-1499,OLD
5-1500-A,OLD
5-1500-B,02/07/2022
5-1501-A,OLD
5-1501-C,OLD
5-1502-B,OLD
5-1502-C,OLD
5-1503-A,OLD
5-1503-B,OLD
5-1504,OLD
5-1505,OLD
5-1506-A,OLD
5-1506-B,19/09/2020
5-1507,OLD
5-1508,OLD
5-1509,OLD
5-1510,OLD
5-1511,OLD
5-1512,OLD
5-1513,OLD
5-1514,OLD
5-1515,OLD
5-1516,OLD
5-1517,Italian
5-1519,OLD
5-1521,OLD
5-1522,OLD
5-1523,OLD
5-1525,OLD
5-1526,OLD
5-1527,OLD
5-1528,OLD
5-1529-A,OLD
5-1529-B,OLD
5-1530,OLD
5-1531,OLD
5-1532,OLD
5-1533,OLD
5-1534,OLD
5-1535,OLD
5-1536,OLD
5-1538,09/07/2020
5-1539,14/07/2020
5-1540,OLD
5-1541,OLD
5-1543,OLD
5-1545-A,OLD
5-1545-B,21/06/2023
5-1546,OLD
5-1547,OLD
5-1548,OLD
5-1549,OLD
5-1550,OLD
5-1551,OLD
5-1552,OLD
5-1553,OLD
5-1554,09/07/2020
5-1555,OLD
5-1556,20/07/2020
5-1558,23/07/2020
5-1559,29/07/2020
5-1560,29/07/2020
5-1561-A,17/08/2020
5-1561-B,07/01/2021
5-1562,03/09/2020
5-1563,03/09/2020
5-1564,08/09/2020
5-1565,07/09/2020
5-1566,08/09/2020
5-1567,07/09/2020
5-1568,07/09/2020
5-1569,07/09/2020
5-1570,07/09/2020
5-1571,07/09/2020
5-1572,07/09/2020
5-1573,11/09/2020
5-1574,11/09/2020
5-1575,13/09/2020
5-1576,17/09/2020
5-1577,19/09/2020
5-1578,24/09/2020
5-1579,28/09/2020
5-1580,29/09/2020
5-1582,15/10/2020
5-1584,23/10/2020
5-1585,23/10/2020
5-1586,24/10/2020
5-1587,28/10/2020
5-1588,Market
5-1589,07/11/2020
5-1590,25/11/2020
5-1591,23/10/2020
5-1592,23/10/2020
5-1593,25/11/2020
5-1594,02/12/2020
5-1595,03/12/2020
5-1597,09/12/2020
5-1598,15/12/2020
5-1599,25/12/2020
5-1600-A,21/01/2021
5-1600-B,21/01/2021
5-1601-A,Italian
5-1601-B,Italian
5-1601-C,Italian
5-1601-D,Italian
5-1602-A,Italian
5-1602-B,Italian
5-1602-C,Italian
5-1603,28/01/2021
5-1604,28/01/2021
5-1605,28/01/2021
5-1606,28/01/2021
5-1607,28/01/2021
5-1608,28/01/2021
5-1609,30/01/2021
5-1610,16/12/2020
5-1611,16/07/2020
5-1612,20/08/2020
5-1613,06/02/2021
5-1616,12/02/2021
5-1617,20/02/2021
5-1618,19/02/2021
5-1620,11/02/2021
5-1621-A,04/03/2021
5-1621-B,04/03/2021
5-1622,05/03/2021
5-1623,08/03/2021
5-1624,08/03/2021
5-1628,10/03/2021
5-1629,10/03/2021
5-1630,10/03/2021
5-1631,10/03/2021
5-1632,10/03/2021
5-1633-A,17/03/2021
5-1633-B,10/03/2021
5-1634,10/03/2021
5-1635,13/03/2021
5-1636,13/03/2021
5-1637,20/03/2021
5-1638,Italian
5-1639,Italian
5-1640,Italian
5-1641,Italian
5-1642,Italian
5-1643,Italian
5-1644,Italian
5-1645,02/04/2021
5-1646,02/04/2021
5-1647,10/04/2021
5-1648,10/04/2021
5-1650,Market
5-1651-A,21/10/2021
5-1651-B,28/04/2021
5-1651-C,Turkish Trioro
5-1652,Italian
5-1653,12/05/2021
5-1654-A,18/05/2021
5-1654-B,15/07/2021
5-1655,06/04/2021
5-1656,Italian
5-1657,Italian
5-1658,Italian
5-1659,Italian
5-1660,Italian
5-1661,Italian
5-1662,Italian
5-1663,Italian
5-1664,Italian
5-1665,Italian
5-1666,Italian
5-1667,Italian
5-1668,Italian
5-1669,Italian
5-1670,Italian
5-1671,Italian
5-1672,Market
5-1673,Market
5-1674,Market
5-1675,10/06/2021
5-1676,10/06/2021
5-1678,10/06/2021
5-1679,10/06/2021
5-1680,06/05/2021
5-1681,23/06/2021
5-1682,28/06/2021
5-1683,30/06/2021
5-1684,30/06/2021
5-1685-A,30/06/2021
5-1685-B,30/06/2021
5-1685-C,30/06/2021
5-1686,30/06/2021
5-1687,30/06/2021
5-1688,10/07/2021
5-1690,Italian
5-1691,Market
5-1694,12/08/2021
5-1696,19/08/2021
5-1698,24/08/2021
5-1699,24/08/2021
5-1700-A,13/09/2021
5-1700-B,13/09/2021
5-1701,11/09/2021
5-1702,29/09/2021
5-1703,Market
5-1704,Was Order
5-1705,Market
5-1706-A,06/08/2022
5-1706-B,Market
5-1707,27/10/2021
5-1708,Market
5-1709,Market
5-1710,Market
5-1711,Was Order
5-1712,Market
5-1713-A,08/01/2022
5-1713-B,17/12/2022
5-1713-C,03/04/2024
5-1713-D,03/04/2024
5-1717,07/01/2022
5-1718,07/01/2022
5-1719,20/01/2022
5-1720,20/01/2022
5-1721,20/01/2022
5-1722,20/01/2022
5-1723,20/01/2022
5-1724,20/01/2022
5-1725,20/01/2022
5-1726,20/01/2022
5-1727,20/01/2022
5-1728,20/01/2022
5-1733-A,30/06/2022
5-1733-B,02/07/2022
5-1736,12/03/2022
5-1737,12/03/2022
5-1738,17/03/2022
5-1739,17/03/2022
5-1740,21/03/2022
5-1741,21/03/2022
5-1743,22/04/2022
5-1744,22/04/2022
5-1745,Was Order
5-1746,Was Order
5-1747,Was Order
5-1748,20/05/2022
5-1749,20/05/2022
5-1752,01/06/2022
5-1753,Was Order
5-1754,Market
5-1755,Market
5-1756,Was Order
5-1757,10/06/2022
5-1758,28/06/2022
5-1759,17/06/2022
5-1760-A,04/07/2022
5-1760-B,04/07/2022
5-1761,04/07/2022
5-1762,05/07/2022
5-1764,28/07/2022
5-1765,29/07/2022
5-1766,15/08/2022
5-1767,06/07/2022
5-1768,10/08/2022
5-1769,10/08/2022
5-1770-A,22/08/2022
5-1770-B,22/08/2022
5-1771-A,22/08/2022
5-1771-B,22/08/2022
5-1771-C,30/08/2022
5-1772,12/09/2022
5-1773,12/09/2022
5-1774,24/06/2022
5-1775,Market
5-1776,France
5-1777,France
5-1778,19/09/2022
5-1779-A,21/09/2022
5-1779-B,21/09/2022
5-1780,29/09/2022
5-1781,Market
5-1782,15/10/2022
5-1783,19/10/2022
5-1784,TURKISH
5-1785-A,TURKISH
5-1785-B,TURKISH
5-1786,TURKISH
5-1787-A,TURKISH
5-1787-B,TURKISH
5-1787-C,TURKISH
5-1787-D,TURKISH
5-1788,TURKISH
5-1789,TURKISH
5-1790-A,TURKISH
5-1790-B,TURKISH
5-1791,TURKISH
5-1792,TURKISH
5-1793,Turkish Imseeh & Meşe
5-1794,TURKISH
5-1795,TURKISH
5-1796,TURKISH
5-1797,TURKISH
5-1798,TURKISH
5-1799,TURKISH
5-1800,TURKISH
5-1801,27/10/2022
5-1802,Market
5-1803,07/11/2022
5-1804,07/11/2022
5-1805,07/11/2022
5-1806,07/11/2022
5-1807,09/11/2022
5-1808,09/11/2022
5-1809,09/11/2022
5-1810,09/11/2022
5-1811,Market
5-1812,Market
5-1813,16/12/2022
5-1814,16/12/2022
5-1815,16/12/2022
5-1816,29/12/2022
5-1817,TURKISH
5-1818,TURKISH
5-1819,OLD
5-1820,07/01/2023
5-1821,07/01/2023
5-1822,Market
5-1823,Market
5-1824,Market
5-1825,TURKISH
5-1826,Market
5-1827,28/01/2023
5-1828,Market
5-1829,25/02/2023
5-1830,08/03/2023
5-1831,14/03/2023
5-1832,14/03/2023
5-1833,14/03/2023
5-1834,14/03/2023
5-1835,Market
5-1836,01/04/2023
5-1837,29/09/2023
5-1838,Market
5-1839,Market
5-1840,Was Order
5-1841-A,08/05/2023
5-1841-B,08/05/2023
5-1842,Market
5-1843,Was Order
5-1844,France
5-1845,France
5-1846,09/11/2024
5-1847,France
5-1848,France
5-1849,Market
5-1850,France
5-1851,Was Order
5-1852,08/06/2023
5-1853,France
5-1854,21/06/2023
5-1855,21/06/2023
5-1856,21/06/2023
5-1857,21/06/2023
5-1858,Market
5-1859,France
5-1860,France
5-1861,France
5-1862,France
5-1863,24/06/2023
5-1864,24/06/2023
5-1865,26/06/2023
5-1866,19/07/2023
5-1867,Market
5-1868,Market
5-1869,Market (Italian)
5-1870,France
5-1871,Was Order
5-1872,France
5-1873,France
5-1874-A,27/07/2023
5-1874-B,27/07/2023
5-1875,Market
5-1876,Was Order
5-1877,France
5-1878,France
5-1879,France
5-1880,France
5-1881,France
5-1882,France
5-1883,France
5-1884,France- Market
5-1885,12/08/2023
5-1886,Market
5-1887,15/08/2023
5-1888,09/09/2023
5-1889,Was Order
5-1890,Market
5-1891,France
5-1892,03/10/2023
5-1893,France
5-1894,France
5-1895,France
5-1896-A,France
5-1896-B,Turkish Meşe
5-1897,France
5-1898-A,France
5-1898-B,France
5-1899,France
5-1900,France
5-1901,14/10/2023
5-1902,Turkish Imseeh & Meşe
5-1903,Turkish Imseeh
5-1904,Turkish Imseeh
5-1906-A,Turkish Imseeh
5-1906-B,Turkish Imseeh
5-1906-C,Turkish Imseeh
5-1907,Turkish Imseeh & Meşe
5-1908,Turkish Imseeh
5-1909-A,Turkish Meşe
5-1909-B,Turkish Meşe
5-1909-C,Turkish Imseeh
5-1910,Turkish Imseeh
5-1911,Turkish Imseeh
5-1912,Turkish Imseeh
5-1913,Turkish Imseeh
5-1914,Turkish Imseeh
5-1915,Turkish Imseeh
5-1916,Turkish Imseeh
5-1917,Turkish Imseeh
5-1918,Turkish Imseeh
5-1919,Turkish Imseeh
5-1920,Turkish Imseeh
5-1921,Turkish Imseeh
5-1922,France
5-1923,06/11/2023
5-1924,Market
5-1925,Turkish Meşe
5-1926,Turkish Meşe
5-1927,Turkish Meşe
5-1928,Turkish Meşe
5-1929,Turkish Meşe
5-1930,Turkish Meşe
5-1931,Turkish Trioro
5-1932,Market
5-1933,Turkish Meşe
5-1934,Market
5-1935,Market
5-1936,25/11/2023
5-1937,Market
5-1938,France
5-1939,France
5-1940,France- Market
5-1941,Market
5-1942,23/12/2023
5-1943,Market
5-1944,Market
5-1945,Market
5-1947,Market
5-1948,France
5-1949,France
5-1950,France
5-1951,France
5-1952-A,France
5-1952-B,France
5-1953-A,France
5-1953-B,France
5-1954,France
5-1955,France
5-1956,France
5-1957,01/02/2024
5-1958,France
5-1959,Market
5-1960,31/01/2024
5-1961,31/01/2024
5-1962,31/01/2024
5-1963,18/03/2024
5-1964,18/03/2024
5-1965,18/03/2024
5-1966,18/03/2024
5-1967,18/03/2024
5-1968,18/03/2024
5-1969,18/03/2024
5-1970,18/03/2024
5-1971,18/03/2024
5-1972,18/03/2024
5-1973,18/03/2024
5-1974,18/03/2024
5-1975,18/03/2024
5-1976,France
5-1977,Market
5-1978,Market
5-1979,28/03/2024
5-1980,27/04/2024
5-1981,Market
5-1982,Market
5-1983,03/05/2024
5-1984,03/05/2024
5-1985,Market
5-1986,Market
5-1987,Market
5-1988,Market
5-1989,Market
5-1990,Market
5-1991,France
5-1992,France
5-1993,France
5-1994,France
5-1995,France
5-1996,France
5-1997,Market
5-1998,23/05/2024
5-1999,24/05/2024
5-2000,Market
5-2001,29/05/2024
5-2002,03/06/2024
5-2003,03/06/2024
5-2004-A,08/06/2024
5-2004-B,08/06/2024
5-2004-C,08/06/2024
5-2005-A,08/06/2024
5-2005-B,08/06/2024
5-2005-C,08/06/2024
5-2006-A,26/06/2024
5-2006-B,26/06/2024
5-2007,Market
5-2008,Market
5-2009,France
5-2010,France
5-2011-A,12/07/2024
5-2011-B,12/07/2024
5-2012,Was Order
5-2013,Market
5-2014,06/08/2024
5-2015,28/08/2024
5-2016,06/08/2024
5-2017,05/08/2024
5-2018,Turkish Imseeh
5-2019-A,Turkish Imseeh
5-2019-B,27/09/2024
5-2020-A,Turkish Imseeh
5-2020-B,27/09/2024
5-2021,Turkish Imseeh
5-2022,Turkish Imseeh
5-2023-A,Turkish Imseeh
5-2023-B,27/09/2024
5-2024-A,Turkish Imseeh
5-2024-B,27/09/2024
5-2025,Market
5-2026,02/08/2024
5-2027,02/08/2024
5-2028,08/08/2024
5-2029,08/08/2024
5-2030,09/08/2024
5-2031,Market
5-2032,Market
5-2033,17/08/2024
5-2034,17/08/2024
5-2035,17/08/2024
5-2036,17/08/2024
5-2037,France
5-2038,France
5-2039,France
5-2040,France
5-2041,France
5-2042,Market
5-2043,France
5-2044,Market
5-2045,Market
5-2046,France
5-2047,Market
5-2048,27/09/2024
5-2049,Market
5-2050,Market
5-2051,02/10/2024
5-2052,05/10/2024
5-2053,Market
5-2054,Was Order
5-2055,Turkish Meşe
5-2056,Turkish Meşe
5-2057,Turkish Meşe
5-2058,Turkish Meşe
5-2059,Turkish Meşe
5-2060,Turkish Meşe
5-2061,Turkish Meşe
5-2062,Turkish Meşe
5-2063,Turkish Meşe
5-2064,Turkish Meşe
5-2065,Turkish Meşe
5-2066,Turkish Meşe
5-2067,Turkish Meşe
5-2068,Turkish Meşe
5-2069,Turkish Meşe
5-2070,Turkish Meşe
5-2071,24/10/2024
5-2072,Turkish Meşe
5-2073,Turkish Meşe
5-2074,Turkish Meşe
5-2075,Turkish Meşe
5-2076,Turkish Meşe
5-2077,Turkish Meşe
5-2078,Turkish Meşe
5-2079,Turkish Meşe
5-2080,Turkish Meşe
5-2081,Turkish Meşe
5-2082,Turkish Meşe
5-2083,Turkish Meşe
5-2084,Market
5-2085,Market
5-2086,Market
5-2087,Market
5-2088,Market
5-2089,France
5-2090,France
7-0001,OLD
7-0002,OLD
7-0004,OLD
7-0005,OLD
7-0009,OLD
7-0010,OLD
7-0011,OLD
7-0012,OLD
7-0014,OLD
7-0015,OLD
7-0016,23/03/2021
7-0016-A,OLD
7-0016-B,OLD
7-0016-C,OLD
7-0016-D,OLD
7-0017,OLD
7-0018,OLD
7-0019,OLD
7-0020,OLD
7-0021,OLD
7-0022,OLD
7-0025,OLD
7-0026,OLD
7-0027,11/05/2022
7-0028,OLD
7-0030,03/09/2020
7-0033,OLD
7-0034,OLD
7-0035-T,05/03/2021
7-0036,OLD
7-0038,OLD
7-0039,OLD
7-0040-t,OLD
7-0041,OLD
7-0042,OLD
7-0042-t,OLD
7-0043-T,OLD
7-0044-T,OLD
7-0045,OLD
7-0046,OLD
7-0046-T,OLD
7-0047,OLD
7-0047-T,OLD
7-0048-T,OLD
7-0049-T,OLD
7-0050-T,OLD
7-0051-T,OLD
7-0052-T,OLD
7-0053-T,OLD
7-0054-T,OLD
7-0055-T,OLD
7-0056-T,OLD
7-0058-T,23/07/2020
7-0059-T,21/07/2020
7-0060-T,22/07/2020
7-0062-T,29/09/2020
7-0063-T,30/09/2020
7-0064-T,17/10/2020
7-0065-T,29/10/2020
7-0066-T,04/11/2020
7-0067-T,06/11/2020
7-0068-T,11/11/2020
7-0069,OLD
7-0070-T,24/11/2020
7-0071-T,25/11/2020
7-0072-T,02/12/2020
7-0073,OLD
7-0073-T,OLD
7-0074,OLD
7-0075-T,26/12/2020
7-0077-T,02/01/2021
7-0078-T,08/01/2021
7-0079-T,13/01/2021
7-0080-T,13/02/2021
7-0082-T,17/02/2021
7-0083-T,26/02/2021
7-0084-T,09/03/2021
7-0085-T,11/03/2021
7-0086-T,18/03/2021
7-0087-T,18/03/2021
7-0088-T,23/03/2021
7-0089,OLD
7-0089-T,30/03/2021
7-0090,28/05/2021
7-0090-T,31/03/2021
7-0091,OLD
7-0091-T,07/04/2021
7-0092-T,07/04/2021
7-0093-T,13/04/2021
7-0095-T,20/05/2021
7-0096-T,21/05/2021
7-0097-A,OLD
7-0097-B,OLD
7-0097-T,27/05/2021
7-0098-T,15/06/2021
7-0099-T,26/06/2021
7-0100-T,01/07/2021
7-0101-T,06/07/2021
7-0103-T,07/07/2021
7-0104-T,27/07/2021
7-0105-T,29/07/2021
7-0106,OLD
7-0107,OLD
7-0107-T,19/08/2021
7-0108-T,19/08/2021
7-0109,OLD
7-0109-T,20/08/2021
7-0110-T,11/09/2021
7-0112-T,06/11/2021
7-0113-T,22/11/2021
7-0114-T,27/11/2021
7-0116-T,17/01/2022
7-0117,OLD
7-0117-T,28/01/2022
7-0118,OLD
7-0118-T,11/02/2022
7-0119-T,14/02/2022
7-0120-T,18/02/2022
7-0121-T,23/02/2022
7-0122-T,22/03/2022
7-0123,OLD
7-0123-T,13/04/2022
7-0124,OLD
7-0124-T,15/04/2022
7-0125-T,30/04/2022
7-0126-T,17/05/2022
7-0127,OLD
7-0127-T,19/05/2022
7-0128-A,OLD
7-0128-B,OLD
7-0128-T,01/06/2022
7-0129,OLD
7-0131,OLD
7-0137,OLD
7-0138,OLD
7-0139,OLD
7-0141,OLD
7-0143,OLD
7-0146,OLD
7-0150,OLD
7-0158,OLD
7-0159,OLD
7-0161,OLD
7-0165,OLD
7-0166,OLD
7-0168,OLD
7-0169,OLD
7-0171,OLD
7-0173,OLD
7-0176,OLD
7-0179,OLD
7-0190,OLD
7-0193,OLD
7-0194,OLD
7-0198,OLD
7-0203,OLD
7-0204,OLD
7-0206,OLD
7-0207,OLD
7-0208,OLD
7-0209,OLD
7-0212,OLD
7-0217,OLD
7-0218,OLD
7-0220,OLD
7-0221,OLD
7-0222,OLD
7-0223,OLD
7-0224,OLD
7-0225,OLD
7-0228,OLD
7-0233,OLD
7-0234,OLD
7-0239,OLD
7-0245,17/09/2020
7-0247,OLD
7-0248,OLD
7-0249,OLD
7-0250,OLD
7-0253,OLD
7-0260,OLD
7-0264,OLD
7-0267,OLD
7-0270,OLD
7-0271,OLD
7-0275,OLD
7-0277,28/01/2021
7-0280,OLD
7-0284,OLD
7-0285,OLD
7-0286,OLD
7-0287,OLD
7-0289,OLD
7-0291,OLD
7-0298,OLD
7-0299,OLD
7-0300,OLD
7-0302,OLD
7-0303,OLD
7-0307,OLD
7-0308,OLD
7-0309,OLD
7-0310-A,OLD
7-0310-B,OLD
7-0315,OLD
7-0316,OLD
7-0317,OLD
7-0318-A,OLD
7-0318-B,OLD
7-0322,OLD
7-0323,OLD
7-0325,OLD
7-0330,OLD
7-0331,OLD
7-0332,OLD
7-0333,28/12/2021
7-0334,OLD
7-0339,OLD
7-0341,OLD
7-0342-A,OLD
7-0342-B,OLD
7-0344,OLD
7-0347,OLD
7-0348,OLD
7-0349,OLD
7-0351,OLD
7-0355,OLD
7-0357,OLD
7-0358,OLD
7-0359,OLD
7-0362,OLD
7-0363,OLD
7-0364,OLD
7-0365,OLD
7-0367,OLD
7-0369,OLD
7-0370,OLD
7-0371,OLD
7-0372,OLD
7-0373,OLD
7-0376,OLD
7-0379,OLD
7-0381,OLD
7-0382,OLD
7-0384,01/06/2021
7-0386,OLD
7-0388,OLD
7-0389-A,OLD
7-0389-B,OLD
7-0389-C,OLD
7-0390-A,OLD
7-0390-B,OLD
7-0390-C,OLD
7-0400,OLD
7-0401,OLD
7-0402,OLD
7-0403,OLD
7-0404,OLD
7-0405-A,OLD
7-0405-B,OLD
7-0407,OLD
7-0409,OLD
7-0410,OLD
7-0413,04/07/2024
7-0416,OLD
7-0418,OLD
7-0419,OLD
7-0420,OLD
7-0422,OLD
7-0423,OLD
7-0425,OLD
7-0427,OLD
7-0429,OLD
7-0430,OLD
7-0439,OLD
7-0441,OLD
7-0446,OLD
7-0448,OLD
7-0482,OLD
7-0485,OLD
7-0486,OLD
7-0487,OLD
7-0491,OLD
7-0492,OLD
7-0494,OLD
7-0495,OLD
7-0496-A,OLD
7-0496-B,OLD
7-0496-C,OLD
7-0498,OLD
7-0499,OLD
7-0503,OLD
7-0504,OLD
7-0505,OLD
7-0506,OLD
7-0507,OLD
7-0508,OLD
7-0509,OLD
7-0514,OLD
7-0515,OLD
7-0520,OLD
7-0521,OLD
7-0528,OLD
7-0536,OLD
7-0537,OLD
7-0538,OLD
7-0545,OLD
7-0553,OLD
7-0554,OLD
7-0556,OLD
7-0558,OLD
7-0566,OLD
7-0567,OLD
7-0568,OLD
7-0569,OLD
7-0576,OLD
7-0578,OLD
7-0580,OLD
7-0584,OLD
7-0585,OLD
7-0586,02/12/2021
7-0588,OLD
7-0597,OLD
7-0607,OLD
7-0627-A,OLD
7-0627-b,OLD
7-0631,OLD
7-0632,OLD
7-0633,OLD
7-0636,OLD
7-0640,OLD
7-0643,OLD
7-0644-B,OLD
7-0651,OLD
7-0652,OLD
7-0653,OLD
7-0656,OLD
7-0657,08/07/2021
7-0658,OLD
7-0661,OLD
7-0663,OLD
7-0664,OLD
7-0673,OLD
7-0675,OLD
7-0677,OLD
7-0679,OLD
7-0684,OLD
7-0685,OLD
7-0686,OLD
7-0687,OLD
7-0688,OLD
7-0689,OLD
7-0690,OLD
7-0692,OLD
7-0693,OLD
7-0696,OLD
7-0697,OLD
7-0699,OLD
7-0703,OLD
7-0707,OLD
7-0710,OLD
7-0713,OLD
7-0715,OLD
7-0718,05/07/2021
7-0723,OLD
7-0725,OLD
7-0731,OLD
7-0736,OLD
7-0745,OLD
7-0746,OLD
7-0748,OLD
7-0751,OLD
7-0752,OLD
7-0753-A,OLD
7-0756,OLD
7-0757,19/02/2022
7-0759,OLD
7-0766,OLD
7-0767,OLD
7-0771,OLD
7-0777,OLD
7-0783,OLD
7-0787,08/06/2021
7-0800,OLD
7-0801,OLD
7-0807,OLD
7-0810,OLD
7-0811,27/08/2020
7-0812,13/11/2020
7-0813-a,OLD
7-0813-C,OLD
7-0814,OLD
7-0819,OLD
7-0821,OLD
7-0822,OLD
7-0824,OLD
7-0825,OLD
7-0827,OLD
7-0828,06/07/2021
7-0829,OLD
7-0831,OLD
7-0832,OLD
7-0834,OLD
7-0836,OLD
7-0837,OLD
7-0838,OLD
7-0839,OLD
7-0841,OLD
7-0843,OLD
7-0844,OLD
7-0848,OLD
7-0849,OLD
7-0850,11/06/2021
7-0852,OLD
7-0854,OLD
7-0855,OLD
7-0857,OLD
7-0858,OLD
7-0860,OLD
7-0861,OLD
7-0867,OLD
7-0869-A,OLD
7-0869-B,OLD
7-0869-C,OLD
7-0871-A,OLD
7-0871-B,OLD
7-0872,22/09/2021
7-0873-D,OLD
7-0875-A,17/03/2022
7-0875-B,OLD
7-0875-C,OLD
7-0876,OLD
7-0878,OLD
7-0879,OLD
7-0880,OLD
7-0881,OLD
7-0883,OLD
7-0884,OLD
7-0886,OLD
7-0888,OLD
7-0889,OLD
7-0890,OLD
7-0892,OLD
7-0893,OLD
7-0894,OLD
7-0895-A,OLD
7-0895-B,OLD
7-0896,OLD
7-0897,OLD
7-0898,OLD
7-0900,OLD
7-0901,23/03/2022
7-0902,28/05/2021
7-0903-A,OLD
7-0903-B,17/08/2024
7-0906-A,OLD
7-0906-B,OLD
7-0907,OLD
7-0908,OLD
7-0909,OLD
7-0910-A,OLD
7-0910-B,OLD
7-0911,OLD
7-0912,OLD
7-0914-A,OLD
7-0914-B,OLD
7-0915-B,OLD
7-0916,OLD
7-0917,OLD
7-0919,OLD
7-0921,OLD
7-0922,OLD
7-0923,OLD
7-0925,OLD
7-0926,OLD
7-0933-A,OLD
7-0933-B,OLD
7-0934-A,OLD
7-0934-B,OLD
7-0935,OLD
7-0938,OLD
7-0940,OLD
7-0942,OLD
7-0943,OLD
7-0945-A,OLD
7-0945-B,OLD
7-0946,OLD
7-0950,11/06/2021
7-0951,OLD
7-0952,OLD
7-0953,OLD
7-0954,OLD
7-0955,OLD
7-0956,OLD
7-0957,OLD
7-0958-A,OLD
7-0958-B,OLD
7-0958-C,OLD
7-0959,OLD
7-0960,OLD
7-0964-B,OLD
7-0965,OLD
7-0966,OLD
7-0967-A,OLD
7-0967-B,04/11/2020
7-0967-C,04/11/2020
7-0968,21/07/2020
7-0969,OLD
7-0970,05/09/2020
7-0971,OLD
7-0973-A,OLD
7-0973-B,OLD
7-0976,OLD
7-0982,OLD
7-0983,07/08/2024
7-0986,OLD
7-0987,OLD
7-0988,OLD
7-0989,OLD
7-0990,OLD
7-0991,OLD
7-0992,OLD
7-0993,OLD
7-0994,OLD
7-0995,29/05/2021
7-0996,OLD
7-0997,OLD
7-0998,OLD
7-0999,OLD
7-1000,OLD
7-1001,OLD
7-1003,OLD
7-1004,OLD
7-1005,OLD
7-1006,OLD
7-1008,OLD
7-1009,OLD
7-1010,OLD
7-1012,OLD
7-1013-A,OLD
7-1013-B,OLD
7-1015,OLD
7-1016,OLD
7-1018,OLD
7-1019,28/09/2020
7-1020,OLD
7-1022,OLD
7-1023,OLD
7-1025,OLD
7-1026,OLD
7-1027,23/07/2020
7-1028,18/07/2020
7-1029,OLD
7-1030,OLD
7-1031,OLD
7-1034,OLD
7-1035,OLD
7-1036,OLD
7-1037,OLD
7-1038,OLD
7-1039,OLD
7-1040,OLD
7-1042,OLD
7-1044,OLD
7-1045,OLD
7-1046,OLD
7-1047,OLD
7-1049,OLD
7-1050,OLD
7-1051,02/11/2021
7-1053,OLD
7-1054,OLD
7-1055,OLD
7-1056,OLD
7-1057,OLD
7-1058,OLD
7-1059,OLD
7-1060,OLD
7-1061,OLD
7-1062,OLD
7-1064,OLD
7-1065,OLD
7-1066,OLD
7-1067,OLD
7-1068,OLD
7-1069,OLD
7-1070,OLD
7-1072,OLD
7-1073-A,OLD
7-1073-B,OLD
7-1074,OLD
7-1075-A,13/08/2021
7-1075-B,OLD
7-1075-C,OLD
7-1075-D,17/11/2022
7-1076,OLD
7-1077,OLD
7-1078,OLD
7-1079,OLD
7-1080,OLD
7-1082,OLD
7-1083,OLD
7-1084,OLD
7-1085,OLD
7-1086,OLD
7-1088-B,OLD
7-1089,OLD
7-1090,26/07/2022
7-1091,OLD
7-1093-A,OLD
7-1093-B,OLD
7-1096,OLD
7-1097,OLD
7-1098,OLD
7-1099,OLD
7-1100,OLD
7-1102,OLD
7-1103,OLD
7-1104,OLD
7-1106,OLD
7-1107,OLD
7-1108,OLD
7-1109,OLD
7-1110,OLD
7-1112,OLD
7-1113-a,OLD
7-1113-B,15/08/2020
7-1114,OLD
7-1115,OLD
7-1116,OLD
7-1117,OLD
7-1118,OLD
7-1120,OLD
7-1122,28/09/2020
7-1123,OLD
7-1124-A,OLD
7-1124-B,OLD
7-1124-C,OLD
7-1124-D,OLD
7-1125-A,OLD
7-1125-B,OLD
7-1126-a,OLD
7-1126-B,OLD
7-1127-A,OLD
7-1127-B,OLD
7-1129,OLD
7-1130,OLD
7-1131,OLD
7-1132-A,OLD
7-1132-B,OLD
7-1133-A,OLD
7-1133-B,OLD
7-1134,OLD
7-1136,OLD
7-1137,OLD
7-1138-A,OLD
7-1138-B,25/08/2020
7-1138-C,OLD
7-1139,OLD
7-1140,OLD
7-1141,OLD
7-1142,18/07/2020
7-1143,OLD
7-1144,OLD
7-1145,OLD
7-1146,OLD
7-1147,OLD
7-1148,OLD
7-1149,OLD
7-1151,OLD
7-1152,OLD
7-1153,OLD
7-1154-A,OLD
7-1154-B,OLD
7-1155,OLD
7-1156,OLD
7-1157,OLD
7-1159,OLD
7-1160,OLD
7-1161,OLD
7-1162,OLD
7-1163,OLD
7-1164-A,OLD
7-1164-B,14/06/2023
7-1165,OLD
7-1166,OLD
7-1167,OLD
7-1168,OLD
7-1169,15/08/2020
7-1171,17/08/2020
7-1173-A,25/09/2020
7-1173-B,24/09/2020
7-1173-C,25/09/2020
7-1173-D,13/09/2020
7-1173-E,13/09/2020
7-1173-F,24/09/2020
7-1173-G,13/09/2020
7-1173-H,24/09/2020
7-1173-I,13/09/2020
7-1174,Market
7-1175,26/09/2020
7-1176,26/09/2020
7-1177,26/09/2020
7-1177-B,Market
7-1178,26/09/2020
7-1179,26/09/2020
7-1180-A,26/09/2020
7-1180-B,30/09/2020
7-1180-D,23/10/2020
7-1180-E,31/12/2022
7-1181,29/09/2020
7-1182-A,10/10/2020
7-1182-B,10/10/2020
7-1182-C,10/10/2020
7-1183,21/10/2020
7-1184,21/10/2020
7-1185-A,30/09/2020
7-1185-B,07/10/2020
7-1185-C,30/09/2020
7-1186,30/09/2020
7-1187-a,24/10/2020
7-1187-b,02/11/2024
7-1188,04/11/2020
7-1189,04/11/2020
7-1190-A,07/02/2022
7-1190-B,11/11/2020
7-1191,13/11/2020
7-1192,17/11/2020
7-1193,02/12/2020
7-1194,09/12/2020
7-1195-A,20/01/2021
7-1195-B,20/01/2021
7-1195-C,20/01/2021
7-1195-D,20/01/2021
7-1196-A,26/01/2021
7-1196-B,26/01/2021
7-1196-C,26/01/2021
7-1197-A,26/01/2021
7-1197-B,26/01/2021
7-1198,26/01/2021
7-1199-A,05/02/2021
7-1199-B,05/02/2021
7-1200,05/02/2021
7-1201,15/02/2021
7-1202,18/11/2020
7-1203,17/02/2021
7-1204,09/03/2021
7-1205,16/03/2021
7-1207,27/03/2021
7-1208,27/03/2021
7-1209,27/03/2021
7-1210,27/03/2021
7-1211,27/03/2021
7-1212,27/03/2021
7-1213,27/03/2021
7-1214-A,10/04/2021
7-1214-B,10/04/2021
7-1215,Market
7-1216,24/04/2021
7-1217,08/05/2021
7-1218,22/05/2021
7-1219,28/05/2021
7-1220,28/05/2021
7-1221,Market
7-1222,28/05/2021
7-1223,01/06/2021
7-1224-A,05/06/2021
7-1224-B,06/07/2021
7-1225,Market
7-1226,12/06/2021
7-1227,18/06/2021
7-1228,28/06/2021
7-1229-A,13/07/2021
7-1229-B,31/07/2021
7-1230,16/07/2021
7-1232,31/07/2021
7-1233,29/09/2021
7-1234,29/09/2021
7-1235,29/09/2021
7-1236,29/09/2021
7-1237,29/09/2021
7-1238,29/09/2021
7-1239,29/09/2021
7-1240,29/09/2021
7-1241,29/09/2021
7-1242,29/09/2021
7-1243,29/09/2021
7-1244,29/09/2021
7-1245,02/10/2021
7-1245,11/01/2022
7-1246,OLD
7-1247-A,30/10/2021
7-1247-B,30/10/2021
7-1247-C,30/10/2021
7-1248,Market
7-1249-A,21/12/2021
7-1249-B,20/11/2021
7-1249-C,21/12/2021
7-1250-A,20/11/2021
7-1250-B,20/11/2021
7-1250-c,03/04/2022
7-1251-A,24/11/2021
7-1251-B,29/04/2022
7-1252,14/11/2022
7-1253-A,27/11/2021
7-1253-B,27/11/2021
7-1254,Market
7-1255-A,15/12/2021
7-1255-B,15/12/2021
7-1255-C,15/12/2021
7-1256-A,01/01/2022
7-1256-B,25/12/2021
7-1256-C,25/12/2021
7-1257-A,01/01/2022
7-1257-B,01/01/2022
7-1257-F,03/04/2024
7-1257-c,21/03/2024
7-1257-d,21/03/2024
7-1257-e,21/03/2024
7-1259,11/01/2022
7-1260,18/01/2022
7-1261,18/01/2022
7-1262,18/01/2022
7-1263,21/01/2022
7-1264,21/01/2022
7-1265,22/01/2022
7-1266-A,26/01/2022
7-1266-B,26/01/2022
7-1266-C,21/03/2022
7-1267-A,21/03/2022
7-1267-B,26/01/2022
7-1267-C,23/03/2022
7-1268,Market
7-1269,Market
7-1270-A,07/02/2022
7-1270-B,07/02/2022
7-1271,23/02/2022
7-1272,Market
7-1273,03/03/2022
7-1274,06/04/2022
7-1275,13/04/2022
7-1276,18/05/2022
7-1277,18/05/2022
7-1278,18/05/2022
7-1279,18/05/2022
7-1280,18/05/2022
7-1281,18/05/2022
7-1282,18/05/2022
7-1283,18/05/2022
7-1284,Market
7-1285,08/06/2022
7-1286,28/06/2022
7-1287,28/06/2022
7-1288,Market
7-1289-A,10/08/2022
7-1289-B,23/07/2022
7-1290,Was Order
7-1291,Market
7-1292,Market
7-1293,30/09/2022
7-1294,08/10/2022
7-1295,TURKISH
7-1296,TURKISH
7-1297,TURKISH
7-1298,10/12/2022
7-1299,TURKISH
7-1300,05/11/2022
7-1301,08/11/2022
7-1302,Was Order
7-1303,OLD
7-1304,Was Order
7-1305,Market
7-1306,31/12/2022
7-1307,Market
7-1308-A,14/01/2023
7-1308-B,14/01/2023
7-1309,14/01/2023
7-1310,Market
7-1311,27/01/2023
7-1312-A,28/01/2023
7-1312-B,09/05/2023
7-1313,28/01/2023
7-1314,28/01/2023
7-1315,08/02/2023
7-1316,22/02/2023
7-1317,03/03/2023
7-1318,11/03/2023
7-1319,11/03/2023
7-1320,09/03/2023
7-1321,18/03/2023
7-1322,18/03/2023
7-1323,14/03/2023
7-1324,16/03/2023
7-1325,18/03/2023
7-1326,14/06/2023
7-1327,Market
7-1328,Market
7-1329,Was Order
7-1330,14/06/2023
7-1331,29/07/2023
7-1332,France
7-1333,France
7-1334-A,22/08/2023
7-1334-B,22/08/2023
7-1335,France
7-1336,Market
7-1337-A,02/10/2023
7-1337-B,02/10/2023
7-1337-C,12/10/2023
7-1338,France
7-1339,France
7-1340,France
7-1341,France
7-1342,France
7-1343,Market
7-1344,France
7-1345,03/10/2024
7-1346,08/11/2023
7-1347,France
7-1348,Market
7-1349,France
7-1350,France
7-1351,Market
7-1352,31/01/2024
7-1353,31/01/2024
7-1354,05/03/2024
7-1355,05/03/2024
7-1356,05/03/2024
7-1357,05/03/2024
7-1358,05/03/2024
7-1359,05/03/2024
7-1360,08/03/2024
7-1361,08/03/2024
7-1362,08/03/2024
7-1363,16/03/2024
7-1364,25/04/2024
7-1365,27/04/2024
7-1366,27/04/2024
7-1367,France
7-1368,France
7-1369,France
7-1370,France
7-1371,21/05/2024
7-1372,23/05/2024
7-1373,24/05/2024
7-1374,Market
7-1375,29/05/2024
7-1376-A,08/06/2024
7-1376-B,08/06/2024
7-1377,14/06/2024
7-1378,26/06/2024
7-1379,26/06/2024
7-1380,26/06/2024
7-1381,26/06/2024
7-1382,28/06/2024
7-1383,28/06/2024
7-1384-A,29/06/2024
7-1384-B,29/06/2024
7-1385,01/07/2024
7-1386,Was Order
7-1387,Market
7-1388-A,27/07/2024
7-1388-B,27/07/2024
7-1388-C,27/07/2024
7-1389,08/08/2024
7-1390,09/08/2024
7-1392,Market
7-1393,Market
7-1394,Market
7-1395,Market
7-1396,Market
7-1397-A,18/09/2024
7-1397-b,18/09/2024
7-1398-A,18/09/2024
7-1398-B,18/09/2024
7-1399-A,18/09/2024
7-1399-B,18/09/2024
7-1400,Market
7-1401,France
7-1402,France
7-1403,Market
7-1404,Market
7-1405,Turkish Meşe
7-1406,Turkish Meşe
7-1407,Turkish Meşe
7-1408,Turkish Meşe
7-1409,Turkish Meşe
7-1410-a,Turkish Meşe
7-1410-b,Turkish Meşe
7-1411,Turkish Meşe
7-1412,Turkish Meşe
7-1413,Turkish Meşe
7-1414,31/10/2024
7-1415,France
7-1416,11/11/2024
7-1417,15/11/2024
7-1418,Market
7-1419,21/11/2024
7-1420,France
7-1421,France
7-1422,France
7-1423,France
7-1424,25/11/2024
8-0026-T,04/01/2022
8-0028-T,02/02/2022
8-0031-T,11/03/2022
8-0036,OLD
8-0037,OLD
8-0038,OLD
8-0063,OLD
8-0066,OLD
8-0068,OLD
8-0092-A,OLD
8-0092-B,OLD
8-0093-A,OLD
8-0093-B,OLD
8-0124,OLD
8-0127,OLD
8-0131,OLD
8-0133,OLD
8-0140,OLD
8-0142,OLD
8-0143,OLD
8-0146,OLD
8-0158,OLD
8-0166,OLD
8-0167,OLD
8-0171,28/05/2021
8-0185,Turkish Imseeh
8-0186,Turkish Imseeh
8-0187,Turkish Imseeh
8-0188,Turkish Imseeh
8-0189,Turkish Imseeh
8-0190,Turkish Imseeh
8-0191,Market
8-0192,France
8-0193,France
8-0197,22/03/2024
9-0009-T,16/10/2020
9-0010-T,28/10/2020
9-0015-T,05/12/2020
9-0018-T,11/05/2021
9-0019-T,27/05/2021
9-0021-T,24/08/2021
9-0024-T,09/09/2021
9-0033,OLD
9-0034,OLD
9-0035,OLD
9-0035-T,24/05/2022
9-0040,OLD
9-0041,OLD
9-0042,OLD
9-0044,OLD
9-0045,OLD
9-0049,OLD
9-0051,OLD
9-0052,OLD
9-0053,OLD
9-0086,OLD
9-0103,OLD
9-0104,OLD
9-0105,OLD
9-0119,OLD
9-0149,OLD
9-0161,OLD
9-0165,OLD
9-0168,OLD
9-0169,14/11/2020
9-0172,Market
9-0173,OLD
9-0174,France
9-0175,France
9-0176,France
9-0177,France
9-0178,France
9-0179,France
9-0180,France
9-0181,France
9-0182,France
9-0183,France
9-0184,France
9-0194,24/05/2022
9-0195,28/10/2020
9-0196,France
8-0198-A,08/04/2024
8-0198-B,08/04/2024
8-0199-A,25/04/2024
8-0199-B,25/04/2024
8-0200-A,25/04/2024
8-0200-B,25/04/2024
8-0201-A,25/04/2024
8-0201-B,25/04/2024
8-0202-A,25/04/2024
8-0202-B,25/04/2024
9-0203,France
8-0204,29/05/2024
9-0205,France
9-0206,France
